Sura_No,Verse_No,Word_No,Word,Segment_Count,Segment_Numbers,Surface_Conflict,Segment_Numbering_Gap,Cut_Separators,Trace_Anchor,Parent_Anchor
0,1,1,مَرَرْتُ,1,1,NO,NO,,aslot/axis0/0:1:1,aslot/axis0/0:1:1
0,1,2,بِزَيْدٍ,1,1,NO,NO,,aslot/axis0/0:1:2,aslot/axis0/0:1:2
0,2,1,سِرْتُ,1,1,NO,NO,,aslot/axis0/0:2:1,aslot/axis0/0:2:1
0,2,2,مِنَ,1,1,NO,NO,,aslot/axis0/0:2:2,aslot/axis0/0:2:2
0,2,3,الْبَيْتِ,1,1,NO,NO,,aslot/axis0/0:2:3,aslot/axis0/0:2:3
0,3,1,سِرْتُ,1,1,NO,NO,,aslot/axis0/0:3:1,aslot/axis0/0:3:1
0,3,2,إِلَى,1,1,NO,NO,,aslot/axis0/0:3:2,aslot/axis0/0:3:2
0,3,3,الْبَيْتِ,1,1,NO,NO,,aslot/axis0/0:3:3,aslot/axis0/0:3:3
0,4,1,الْمَاءُ,1,1,NO,NO,,aslot/axis0/0:4:1,aslot/axis0/0:4:1
0,4,2,فِي,1,1,NO,NO,,aslot/axis0/0:4:2,aslot/axis0/0:4:2
0,4,3,الْكُوزِ,1,1,NO,NO,,aslot/axis0/0:4:3,aslot/axis0/0:4:3
0,5,1,رَمَيْتُ,1,1,NO,NO,,aslot/axis0/0:5:1,aslot/axis0/0:5:1
0,5,2,السَّهْمَ,1,1,NO,NO,,aslot/axis0/0:5:2,aslot/axis0/0:5:2
0,5,3,عَنِ,1,1,NO,NO,,aslot/axis0/0:5:3,aslot/axis0/0:5:3
0,5,4,الْقَوْسِ,1,1,NO,NO,,aslot/axis0/0:5:4,aslot/axis0/0:5:4
0,6,1,وَاللَّهِ,1,1,NO,NO,,aslot/axis0/0:6:1,aslot/axis0/0:6:1
0,6,2,لَأَشْرَبَنَّ,1,1,NO,NO,,aslot/axis0/0:6:2,aslot/axis0/0:6:2
0,7,1,بِاللَّهِ,1,1,NO,NO,,aslot/axis0/0:7:1,aslot/axis0/0:7:1
0,7,2,لَأَفْعَلَنَّ,1,1,NO,NO,,aslot/axis0/0:7:2,aslot/axis0/0:7:2
0,8,1,تَاللَّهِ,1,1,NO,NO,,aslot/axis0/0:8:1,aslot/axis0/0:8:1
0,8,2,لَأَضْرِبَنَّ,1,1,NO,NO,,aslot/axis0/0:8:2,aslot/axis0/0:8:2
0,8,3,زَيْدًا,1,1,NO,NO,,aslot/axis0/0:8:3,aslot/axis0/0:8:3
0,9,1,الْمَالُ,1,1,NO,NO,,aslot/axis0/0:9:1,aslot/axis0/0:9:1
0,9,2,لِزَيْدٍ,1,1,NO,NO,,aslot/axis0/0:9:2,aslot/axis0/0:9:2
0,10,1,رُبَّ,1,1,NO,NO,,aslot/axis0/0:10:1,aslot/axis0/0:10:1
0,10,2,رَجُلٍ,1,1,NO,NO,,aslot/axis0/0:10:2,aslot/axis0/0:10:2
0,10,3,كَرِيمٍ,1,1,NO,NO,,aslot/axis0/0:10:3,aslot/axis0/0:10:3
0,10,4,لَقِيتُهُ,1,1,NO,NO,,aslot/axis0/0:10:4,aslot/axis0/0:10:4
0,11,1,وَلَيْلٍ,1,1,NO,NO,,aslot/axis0/0:11:1,aslot/axis0/0:11:1
0,11,2,كَمَوْجِ,1,1,NO,NO,,aslot/axis0/0:11:2,aslot/axis0/0:11:2
0,11,3,الْبَحْرِ,1,1,NO,NO,,aslot/axis0/0:11:3,aslot/axis0/0:11:3
0,12,1,الْكِتَابُ,1,1,NO,NO,,aslot/axis0/0:12:1,aslot/axis0/0:12:1
0,12,2,عَلَى,1,1,NO,NO,,aslot/axis0/0:12:2,aslot/axis0/0:12:2
0,12,3,الْمَكْتَبِ,1,1,NO,NO,,aslot/axis0/0:12:3,aslot/axis0/0:12:3
0,13,1,زَيْدٌ,1,1,NO,NO,,aslot/axis0/0:13:1,aslot/axis0/0:13:1
0,13,2,كَالْأَسَدِ,1,1,NO,NO,,aslot/axis0/0:13:2,aslot/axis0/0:13:2
0,14,1,مَا,1,1,NO,NO,,aslot/axis0/0:14:1,aslot/axis0/0:14:1
0,14,2,رَأَيْتُ,1,1,NO,NO,,aslot/axis0/0:14:2,aslot/axis0/0:14:2
0,14,3,زَيْدًا,1,1,NO,NO,,aslot/axis0/0:14:3,aslot/axis0/0:14:3
0,14,4,مُذْ,1,1,NO,NO,,aslot/axis0/0:14:4,aslot/axis0/0:14:4
0,14,5,يَوْمِ,1,1,NO,NO,,aslot/axis0/0:14:5,aslot/axis0/0:14:5
0,14,6,الْجُمُعَةِ,1,1,NO,NO,,aslot/axis0/0:14:6,aslot/axis0/0:14:6
0,15,1,مَا,1,1,NO,NO,,aslot/axis0/0:15:1,aslot/axis0/0:15:1
0,15,2,رَأَيْتُ,1,1,NO,NO,,aslot/axis0/0:15:2,aslot/axis0/0:15:2
0,15,3,زَيْدًا,1,1,NO,NO,,aslot/axis0/0:15:3,aslot/axis0/0:15:3
0,15,4,مُنْذُ,1,1,NO,NO,,aslot/axis0/0:15:4,aslot/axis0/0:15:4
0,15,5,يَوْمِ,1,1,NO,NO,,aslot/axis0/0:15:5,aslot/axis0/0:15:5
0,15,6,الْجُمُعَةِ,1,1,NO,NO,,aslot/axis0/0:15:6,aslot/axis0/0:15:6
0,16,1,سَلَامٌ,1,1,NO,NO,,aslot/axis0/0:16:1,aslot/axis0/0:16:1
0,16,2,هِيَ,1,1,NO,NO,,aslot/axis0/0:16:2,aslot/axis0/0:16:2
0,16,3,حَتَّى,1,1,NO,NO,,aslot/axis0/0:16:3,aslot/axis0/0:16:3
0,16,4,مَطْلَعِ,1,1,NO,NO,,aslot/axis0/0:16:4,aslot/axis0/0:16:4
0,16,5,الْفَجْرِ,1,1,NO,NO,,aslot/axis0/0:16:5,aslot/axis0/0:16:5
0,17,1,جَاءَنِي,1,1,NO,NO,,aslot/axis0/0:17:1,aslot/axis0/0:17:1
0,17,2,الْقَوْمُ,1,1,NO,NO,,aslot/axis0/0:17:2,aslot/axis0/0:17:2
0,17,3,حَاشَا,1,1,NO,NO,,aslot/axis0/0:17:3,aslot/axis0/0:17:3
0,17,4,زَيْدٍ,1,1,NO,NO,,aslot/axis0/0:17:4,aslot/axis0/0:17:4
0,18,1,جَاءَنِي,1,1,NO,NO,,aslot/axis0/0:18:1,aslot/axis0/0:18:1
0,18,2,الْقَوْمُ,1,1,NO,NO,,aslot/axis0/0:18:2,aslot/axis0/0:18:2
0,18,3,عَدَا,1,1,NO,NO,,aslot/axis0/0:18:3,aslot/axis0/0:18:3
0,18,4,زَيْدٍ,1,1,NO,NO,,aslot/axis0/0:18:4,aslot/axis0/0:18:4
0,19,1,جَاءَنِي,1,1,NO,NO,,aslot/axis0/0:19:1,aslot/axis0/0:19:1
0,19,2,الْقَوْمُ,1,1,NO,NO,,aslot/axis0/0:19:2,aslot/axis0/0:19:2
0,19,3,خَلَا,1,1,NO,NO,,aslot/axis0/0:19:3,aslot/axis0/0:19:3
0,19,4,زَيْدٍ,1,1,NO,NO,,aslot/axis0/0:19:4,aslot/axis0/0:19:4
0,20,1,إِنَّ,1,1,NO,NO,,aslot/axis0/0:20:1,aslot/axis0/0:20:1
0,20,2,زَيْدًا,1,1,NO,NO,,aslot/axis0/0:20:2,aslot/axis0/0:20:2
0,20,3,قَائِمٌ,1,1,NO,NO,,aslot/axis0/0:20:3,aslot/axis0/0:20:3
0,21,1,بَلَغَنِي,1,1,NO,NO,,aslot/axis0/0:21:1,aslot/axis0/0:21:1
0,21,2,أَنَّ,1,1,NO,NO,,aslot/axis0/0:21:2,aslot/axis0/0:21:2
0,21,3,زَيْدًا,1,1,NO,NO,,aslot/axis0/0:21:3,aslot/axis0/0:21:3
0,21,4,مُنْطَلِقٌ,1,1,NO,NO,,aslot/axis0/0:21:4,aslot/axis0/0:21:4
0,22,1,كَأَنَّ,1,1,NO,NO,,aslot/axis0/0:22:1,aslot/axis0/0:22:1
0,22,2,زَيْدًا,1,1,NO,NO,,aslot/axis0/0:22:2,aslot/axis0/0:22:2
0,22,3,أَسَدٌ,1,1,NO,NO,,aslot/axis0/0:22:3,aslot/axis0/0:22:3
0,23,1,غَابَ,1,1,NO,NO,,aslot/axis0/0:23:1,aslot/axis0/0:23:1
0,23,2,زَيْدٌ,1,1,NO,NO,,aslot/axis0/0:23:2,aslot/axis0/0:23:2
0,23,3,لَكِنَّ,1,1,NO,NO,,aslot/axis0/0:23:3,aslot/axis0/0:23:3
0,23,4,عَمْرًا,1,1,NO,NO,,aslot/axis0/0:23:4,aslot/axis0/0:23:4
0,23,5,حَاضِرٌ,1,1,NO,NO,,aslot/axis0/0:23:5,aslot/axis0/0:23:5
0,24,1,لَيْتَ,1,1,NO,NO,,aslot/axis0/0:24:1,aslot/axis0/0:24:1
0,24,2,زَيْدًا,1,1,NO,NO,,aslot/axis0/0:24:2,aslot/axis0/0:24:2
0,24,3,طَائِرًا,1,1,NO,NO,,aslot/axis0/0:24:3,aslot/axis0/0:24:3
0,25,1,لَعَلَّ,1,1,NO,NO,,aslot/axis0/0:25:1,aslot/axis0/0:25:1
0,25,2,السُّلْطَانَ,1,1,NO,NO,,aslot/axis0/0:25:2,aslot/axis0/0:25:2
0,25,3,عَادِلٌ,1,1,NO,NO,,aslot/axis0/0:25:3,aslot/axis0/0:25:3
0,26,1,مَا,1,1,NO,NO,,aslot/axis0/0:26:1,aslot/axis0/0:26:1
0,26,2,زَيْدٌ,1,1,NO,NO,,aslot/axis0/0:26:2,aslot/axis0/0:26:2
0,26,3,ذَاهِبًا,1,1,NO,NO,,aslot/axis0/0:26:3,aslot/axis0/0:26:3
0,27,1,لَا,1,1,NO,NO,,aslot/axis0/0:27:1,aslot/axis0/0:27:1
0,27,2,رَجُلَ,1,1,NO,NO,,aslot/axis0/0:27:2,aslot/axis0/0:27:2
0,27,3,مُسَافِرًا,1,1,NO,NO,,aslot/axis0/0:27:3,aslot/axis0/0:27:3
0,28,1,اسْتَوَى,1,1,NO,NO,,aslot/axis0/0:28:1,aslot/axis0/0:28:1
0,28,2,الْمَاءُ,1,1,NO,NO,,aslot/axis0/0:28:2,aslot/axis0/0:28:2
0,28,3,وَالْخَشَبَةَ,1,1,NO,NO,,aslot/axis0/0:28:3,aslot/axis0/0:28:3
0,29,1,قَامَ,1,1,NO,NO,,aslot/axis0/0:29:1,aslot/axis0/0:29:1
0,29,2,الْقَوْمُ,1,1,NO,NO,,aslot/axis0/0:29:2,aslot/axis0/0:29:2
0,29,3,إِلَّا,1,1,NO,NO,,aslot/axis0/0:29:3,aslot/axis0/0:29:3
0,29,4,زَيْدًا,1,1,NO,NO,,aslot/axis0/0:29:4,aslot/axis0/0:29:4
0,30,1,يَا,1,1,NO,NO,,aslot/axis0/0:30:1,aslot/axis0/0:30:1
0,30,2,رَسُولَ,1,1,NO,NO,,aslot/axis0/0:30:2,aslot/axis0/0:30:2
0,30,3,اللَّهِ,1,1,NO,NO,,aslot/axis0/0:30:3,aslot/axis0/0:30:3
0,31,1,أَيَّا,1,1,NO,NO,,aslot/axis0/0:31:1,aslot/axis0/0:31:1
0,31,2,جَمَّا,1,1,NO,NO,,aslot/axis0/0:31:2,aslot/axis0/0:31:2
0,31,3,ذَنْبَهُ,1,1,NO,NO,,aslot/axis0/0:31:3,aslot/axis0/0:31:3
0,32,1,هَيَّا,1,1,NO,NO,,aslot/axis0/0:32:1,aslot/axis0/0:32:1
0,32,2,نَاسِيًا,1,1,NO,NO,,aslot/axis0/0:32:2,aslot/axis0/0:32:2
0,32,3,نِعْمَةَ,1,1,NO,NO,,aslot/axis0/0:32:3,aslot/axis0/0:32:3
0,32,4,اللَّهِ,1,1,NO,NO,,aslot/axis0/0:32:4,aslot/axis0/0:32:4
0,33,1,أَيَّ,1,1,NO,NO,,aslot/axis0/0:33:1,aslot/axis0/0:33:1
0,33,2,تَائِبًا,1,1,NO,NO,,aslot/axis0/0:33:2,aslot/axis0/0:33:2
0,33,3,إِلَى,1,1,NO,NO,,aslot/axis0/0:33:3,aslot/axis0/0:33:3
0,33,4,رَبِّهِ,1,1,NO,NO,,aslot/axis0/0:33:4,aslot/axis0/0:33:4
0,34,1,أَعْبُدِ,1,1,NO,NO,,aslot/axis0/0:34:1,aslot/axis0/0:34:1
0,34,2,اللَّهَ,1,1,NO,NO,,aslot/axis0/0:34:2,aslot/axis0/0:34:2
0,35,1,هَلْ,1,1,NO,NO,,aslot/axis0/0:35:1,aslot/axis0/0:35:1
0,35,2,حَضَرْتَ؟,1,1,NO,NO,,aslot/axis0/0:35:2,aslot/axis0/0:35:2
0,36,1,يَجُوزُ,1,1,NO,NO,,aslot/axis0/0:36:1,aslot/axis0/0:36:1
0,36,2,لَكَ,1,1,NO,NO,,aslot/axis0/0:36:2,aslot/axis0/0:36:2
0,36,3,أَنْ,1,1,NO,NO,,aslot/axis0/0:36:3,aslot/axis0/0:36:3
0,36,4,تَنْصَرِفَ,1,1,NO,NO,,aslot/axis0/0:36:4,aslot/axis0/0:36:4
0,37,1,لَنْ,1,1,NO,NO,,aslot/axis0/0:37:1,aslot/axis0/0:37:1
0,37,2,يَنْجَحَ,1,1,NO,NO,,aslot/axis0/0:37:2,aslot/axis0/0:37:2
0,37,3,الْكَسْلَانُ,1,1,NO,NO,,aslot/axis0/0:37:3,aslot/axis0/0:37:3
0,38,1,جِئْتُكَ,1,1,NO,NO,,aslot/axis0/0:38:1,aslot/axis0/0:38:1
0,38,2,كَيْ,1,1,NO,NO,,aslot/axis0/0:38:2,aslot/axis0/0:38:2
0,38,3,أَتَعَلَّمَ,1,1,NO,NO,,aslot/axis0/0:38:3,aslot/axis0/0:38:3
0,39,1,إِذًا,1,1,NO,NO,,aslot/axis0/0:39:1,aslot/axis0/0:39:1
0,39,2,تُفْلِحَ,1,1,NO,NO,,aslot/axis0/0:39:2,aslot/axis0/0:39:2
0,40,1,لَمْ,1,1,NO,NO,,aslot/axis0/0:40:1,aslot/axis0/0:40:1
0,40,2,يَكْتُبْ,1,1,NO,NO,,aslot/axis0/0:40:2,aslot/axis0/0:40:2
0,40,3,زَيْدٌ,1,1,NO,NO,,aslot/axis0/0:40:3,aslot/axis0/0:40:3
0,41,1,لَمَّا,1,1,NO,NO,,aslot/axis0/0:41:1,aslot/axis0/0:41:1
0,41,2,أَكْتُبْ,1,1,NO,NO,,aslot/axis0/0:41:2,aslot/axis0/0:41:2
0,42,1,لِيَنْصُرْ,1,1,NO,NO,,aslot/axis0/0:42:1,aslot/axis0/0:42:1
0,43,1,لَا,1,1,NO,NO,,aslot/axis0/0:43:1,aslot/axis0/0:43:1
0,43,2,تَضْرِبْ,1,1,NO,NO,,aslot/axis0/0:43:2,aslot/axis0/0:43:2
0,44,1,إِنْ,1,1,NO,NO,,aslot/axis0/0:44:1,aslot/axis0/0:44:1
0,44,2,تَضْرِبْ,1,1,NO,NO,,aslot/axis0/0:44:2,aslot/axis0/0:44:2
0,44,3,أَضْرِبْ,1,1,NO,NO,,aslot/axis0/0:44:3,aslot/axis0/0:44:3
0,45,1,مَنْ,1,1,NO,NO,,aslot/axis0/0:45:1,aslot/axis0/0:45:1
0,45,2,يَرْحَمْ,1,1,NO,NO,,aslot/axis0/0:45:2,aslot/axis0/0:45:2
0,45,3,يُرْحَمْ,1,1,NO,NO,,aslot/axis0/0:45:3,aslot/axis0/0:45:3
0,46,1,مَا,1,1,NO,NO,,aslot/axis0/0:46:1,aslot/axis0/0:46:1
0,46,2,تَفْعَلْ,1,1,NO,NO,,aslot/axis0/0:46:2,aslot/axis0/0:46:2
0,46,3,أَفْعَلْ,1,1,NO,NO,,aslot/axis0/0:46:3,aslot/axis0/0:46:3
0,47,1,أَيَّا,1,1,NO,NO,,aslot/axis0/0:47:1,aslot/axis0/0:47:1
0,47,2,تَضْرِبْ,1,1,NO,NO,,aslot/axis0/0:47:2,aslot/axis0/0:47:2
0,47,3,أَضْرِبْهُ,1,1,NO,NO,,aslot/axis0/0:47:3,aslot/axis0/0:47:3
0,48,1,مَتَى,1,1,NO,NO,,aslot/axis0/0:48:1,aslot/axis0/0:48:1
0,48,2,تَكْتُبْ,1,1,NO,NO,,aslot/axis0/0:48:2,aslot/axis0/0:48:2
0,48,3,أَكْتُبْ,1,1,NO,NO,,aslot/axis0/0:48:3,aslot/axis0/0:48:3
0,49,1,مَهْمَا,1,1,NO,NO,,aslot/axis0/0:49:1,aslot/axis0/0:49:1
0,49,2,تَكْتُبْ,1,1,NO,NO,,aslot/axis0/0:49:2,aslot/axis0/0:49:2
0,49,3,أَكْتُبْ,1,1,NO,NO,,aslot/axis0/0:49:3,aslot/axis0/0:49:3
0,50,1,أَيْنَمَا,1,1,NO,NO,,aslot/axis0/0:50:1,aslot/axis0/0:50:1
0,50,2,تَنْزِلْ,1,1,NO,NO,,aslot/axis0/0:50:2,aslot/axis0/0:50:2
0,50,3,أَنْزِلْ,1,1,NO,NO,,aslot/axis0/0:50:3,aslot/axis0/0:50:3
0,51,1,أَنَّى,1,1,NO,NO,,aslot/axis0/0:51:1,aslot/axis0/0:51:1
0,51,2,تَسْتَقِمْ,1,1,NO,NO,,aslot/axis0/0:51:2,aslot/axis0/0:51:2
0,51,3,تَرْبَحْ,1,1,NO,NO,,aslot/axis0/0:51:3,aslot/axis0/0:51:3
0,52,1,حَيْثُمَا,1,1,NO,NO,,aslot/axis0/0:52:1,aslot/axis0/0:52:1
0,52,2,تَسْتَقِمْ,1,1,NO,NO,,aslot/axis0/0:52:2,aslot/axis0/0:52:2
0,52,3,يَقْدَرْ,1,1,NO,NO,,aslot/axis0/0:52:3,aslot/axis0/0:52:3
0,52,4,لَكَ,1,1,NO,NO,,aslot/axis0/0:52:4,aslot/axis0/0:52:4
0,52,5,اللَّهُ,1,1,NO,NO,,aslot/axis0/0:52:5,aslot/axis0/0:52:5
0,52,6,نَجَاحًا,1,1,NO,NO,,aslot/axis0/0:52:6,aslot/axis0/0:52:6
0,53,1,إِذْمَا,1,1,NO,NO,,aslot/axis0/0:53:1,aslot/axis0/0:53:1
0,53,2,تَذْهَبْ,1,1,NO,NO,,aslot/axis0/0:53:2,aslot/axis0/0:53:2
0,53,3,أَذْهَبْ,1,1,NO,NO,,aslot/axis0/0:53:3,aslot/axis0/0:53:3
0,54,1,لَوْ,1,1,NO,NO,,aslot/axis0/0:54:1,aslot/axis0/0:54:1
0,54,2,تَقَدَّمْ,1,1,NO,NO,,aslot/axis0/0:54:2,aslot/axis0/0:54:2
0,54,3,تَنْجَحْ,1,1,NO,NO,,aslot/axis0/0:54:3,aslot/axis0/0:54:3
0,55,1,إِذَا,1,1,NO,NO,,aslot/axis0/0:55:1,aslot/axis0/0:55:1
0,55,2,تَتَعَلَّمْ,1,1,NO,NO,,aslot/axis0/0:55:2,aslot/axis0/0:55:2
0,55,3,تُفْلِحْ,1,1,NO,NO,,aslot/axis0/0:55:3,aslot/axis0/0:55:3
0,56,1,رَأَيْتُ,1,1,NO,NO,,aslot/axis0/0:56:1,aslot/axis0/0:56:1
0,56,2,أَحَدَ,1,1,NO,NO,,aslot/axis0/0:56:2,aslot/axis0/0:56:2
0,56,3,عَشَرَ,1,1,NO,NO,,aslot/axis0/0:56:3,aslot/axis0/0:56:3
0,56,4,كَوْكَبًا,1,1,NO,NO,,aslot/axis0/0:56:4,aslot/axis0/0:56:4
0,57,1,كَمْ,1,1,NO,NO,,aslot/axis0/0:57:1,aslot/axis0/0:57:1
0,57,2,دَارًا,1,1,NO,NO,,aslot/axis0/0:57:2,aslot/axis0/0:57:2
0,57,3,بَنَيْتَ؟,1,1,NO,NO,,aslot/axis0/0:57:3,aslot/axis0/0:57:3
0,58,1,كَأَيْنَ,1,1,NO,NO,,aslot/axis0/0:58:1,aslot/axis0/0:58:1
0,58,2,عَبْدًا,1,1,NO,NO,,aslot/axis0/0:58:2,aslot/axis0/0:58:2
0,58,3,مَلَكْتَ,1,1,NO,NO,,aslot/axis0/0:58:3,aslot/axis0/0:58:3
0,59,1,كَذَا,1,1,NO,NO,,aslot/axis0/0:59:1,aslot/axis0/0:59:1
0,59,2,وَكَذَا,1,1,NO,NO,,aslot/axis0/0:59:2,aslot/axis0/0:59:2
0,59,3,دِرْهَمًا,1,1,NO,NO,,aslot/axis0/0:59:3,aslot/axis0/0:59:3
0,59,4,مَلَكْتَ,1,1,NO,NO,,aslot/axis0/0:59:4,aslot/axis0/0:59:4
0,60,1,جَاءَ,1,1,NO,NO,,aslot/axis0/0:60:1,aslot/axis0/0:60:1
0,60,2,بِكَذَا,1,1,NO,NO,,aslot/axis0/0:60:2,aslot/axis0/0:60:2
0,60,3,وَكَذَا,1,1,NO,NO,,aslot/axis0/0:60:3,aslot/axis0/0:60:3
0,61,1,مَلَكْتَ,1,1,NO,NO,,aslot/axis0/0:61:1,aslot/axis0/0:61:1
0,61,2,مِائَةَ,1,1,NO,NO,,aslot/axis0/0:61:2,aslot/axis0/0:61:2
0,61,3,دِرْهَمٍ,1,1,NO,NO,,aslot/axis0/0:61:3,aslot/axis0/0:61:3
0,62,1,رَأَيْتُ,1,1,NO,NO,,aslot/axis0/0:62:1,aslot/axis0/0:62:1
0,62,2,أَلْفَ,1,1,NO,NO,,aslot/axis0/0:62:2,aslot/axis0/0:62:2
0,62,3,رَجُلٍ,1,1,NO,NO,,aslot/axis0/0:62:3,aslot/axis0/0:62:3
0,63,1,مَلَكْتَ,1,1,NO,NO,,aslot/axis0/0:63:1,aslot/axis0/0:63:1
0,63,2,أَلْوَفَ,1,1,NO,NO,,aslot/axis0/0:63:2,aslot/axis0/0:63:2
0,63,3,دَرَاهِمَ,1,1,NO,NO,,aslot/axis0/0:63:3,aslot/axis0/0:63:3
0,64,1,جَمَعْتُ,1,1,NO,NO,,aslot/axis0/0:64:1,aslot/axis0/0:64:1
0,64,2,مَلَايِينَ,1,1,NO,NO,,aslot/axis0/0:64:2,aslot/axis0/0:64:2
0,64,3,دِرْهَمٍ,1,1,NO,NO,,aslot/axis0/0:64:3,aslot/axis0/0:64:3
0,65,1,أَيَّةَ,1,1,NO,NO,,aslot/axis0/0:65:1,aslot/axis0/0:65:1
0,65,2,كِتَابًا,1,1,NO,NO,,aslot/axis0/0:65:2,aslot/axis0/0:65:2
0,65,3,قَرَأْتَ؟,1,1,NO,NO,,aslot/axis0/0:65:3,aslot/axis0/0:65:3
0,66,1,كَيْتَ,1,1,NO,NO,,aslot/axis0/0:66:1,aslot/axis0/0:66:1
0,66,2,مَالًا,1,1,NO,NO,,aslot/axis0/0:66:2,aslot/axis0/0:66:2
0,66,3,جَمَعْتَ؟,1,1,NO,NO,,aslot/axis0/0:66:3,aslot/axis0/0:66:3
0,67,1,جَاءَ,1,1,NO,NO,,aslot/axis0/0:67:1,aslot/axis0/0:67:1
0,67,2,ذُو,1,1,NO,NO,,aslot/axis0/0:67:2,aslot/axis0/0:67:2
0,67,3,مَالٍ,1,1,NO,NO,,aslot/axis0/0:67:3,aslot/axis0/0:67:3
0,67,4,كَثِيرٍ,1,1,NO,NO,,aslot/axis0/0:67:4,aslot/axis0/0:67:4
0,68,1,يَا,1,1,NO,NO,,aslot/axis0/0:68:1,aslot/axis0/0:68:1
0,68,2,رَيْحَانُ,1,1,NO,NO,,aslot/axis0/0:68:2,aslot/axis0/0:68:2
0,68,3,رُوَيْدَ,1,1,NO,NO,,aslot/axis0/0:68:3,aslot/axis0/0:68:3
0,68,4,زَيْدًا,1,1,NO,NO,,aslot/axis0/0:68:4,aslot/axis0/0:68:4
0,69,1,يَا,1,1,NO,NO,,aslot/axis0/0:69:1,aslot/axis0/0:69:1
0,69,2,وَلَدَانِ,1,1,NO,NO,,aslot/axis0/0:69:2,aslot/axis0/0:69:2
0,69,3,بَلْهَ,1,1,NO,NO,,aslot/axis0/0:69:3,aslot/axis0/0:69:3
0,69,4,بَسِيطًا,1,1,NO,NO,,aslot/axis0/0:69:4,aslot/axis0/0:69:4
0,70,1,يَا,1,1,NO,NO,,aslot/axis0/0:70:1,aslot/axis0/0:70:1
0,70,2,بَسِيطُ,1,1,NO,NO,,aslot/axis0/0:70:2,aslot/axis0/0:70:2
0,70,3,دُونَكَ,1,1,NO,NO,,aslot/axis0/0:70:3,aslot/axis0/0:70:3
0,70,4,الْكِتَابَ,1,1,NO,NO,,aslot/axis0/0:70:4,aslot/axis0/0:70:4
0,71,1,يَا,1,1,NO,NO,,aslot/axis0/0:71:1,aslot/axis0/0:71:1
0,71,2,رَيْحَانُ,1,1,NO,NO,,aslot/axis0/0:71:2,aslot/axis0/0:71:2
0,71,3,عَلَيْكَ,1,1,NO,NO,,aslot/axis0/0:71:3,aslot/axis0/0:71:3
0,71,4,مُهْتَدِيًا,1,1,NO,NO,,aslot/axis0/0:71:4,aslot/axis0/0:71:4
0,72,1,يَا,1,1,NO,NO,,aslot/axis0/0:72:1,aslot/axis0/0:72:1
0,72,2,سَرْمِينُ,1,1,NO,NO,,aslot/axis0/0:72:2,aslot/axis0/0:72:2
0,72,3,هَاءَ,1,1,NO,NO,,aslot/axis0/0:72:3,aslot/axis0/0:72:3
0,72,4,دِرْهَمًا,1,1,NO,NO,,aslot/axis0/0:72:4,aslot/axis0/0:72:4
0,73,1,يَا,1,1,NO,NO,,aslot/axis0/0:73:1,aslot/axis0/0:73:1
0,73,2,وَلَدَانِ,1,1,NO,NO,,aslot/axis0/0:73:2,aslot/axis0/0:73:2
0,73,3,حَيَّهَلِ,1,1,NO,NO,,aslot/axis0/0:73:3,aslot/axis0/0:73:3
0,73,4,الْقَهْوَةَ,1,1,NO,NO,,aslot/axis0/0:73:4,aslot/axis0/0:73:4
0,74,1,هَيْهَاتَ,1,1,NO,NO,,aslot/axis0/0:74:1,aslot/axis0/0:74:1
0,74,2,الْعَقِيقُ,1,1,NO,NO,,aslot/axis0/0:74:2,aslot/axis0/0:74:2
0,75,1,شَتَّانَ,1,1,NO,NO,,aslot/axis0/0:75:1,aslot/axis0/0:75:1
0,75,2,سَرْمِينُ,1,1,NO,NO,,aslot/axis0/0:75:2,aslot/axis0/0:75:2
0,75,3,وَبَسِيطٌ,1,1,NO,NO,,aslot/axis0/0:75:3,aslot/axis0/0:75:3
0,76,1,سُرْعَانَ,1,1,NO,NO,,aslot/axis0/0:76:1,aslot/axis0/0:76:1
0,76,2,زَيْدٌ,1,1,NO,NO,,aslot/axis0/0:76:2,aslot/axis0/0:76:2
0,76,3,خُرُوجًا,1,1,NO,NO,,aslot/axis0/0:76:3,aslot/axis0/0:76:3
0,77,1,كَانَ,1,1,NO,NO,,aslot/axis0/0:77:1,aslot/axis0/0:77:1
0,77,2,الْعَالِمُ,1,1,NO,NO,,aslot/axis0/0:77:2,aslot/axis0/0:77:2
0,77,3,طَالِبًا,1,1,NO,NO,,aslot/axis0/0:77:3,aslot/axis0/0:77:3
0,78,1,صَارَ,1,1,NO,NO,,aslot/axis0/0:78:1,aslot/axis0/0:78:1
0,78,2,الْحَدِيدُ,1,1,NO,NO,,aslot/axis0/0:78:2,aslot/axis0/0:78:2
0,78,3,سَيْفًا,1,1,NO,NO,,aslot/axis0/0:78:3,aslot/axis0/0:78:3
0,79,1,أَصْبَحَ,1,1,NO,NO,,aslot/axis0/0:79:1,aslot/axis0/0:79:1
0,79,2,الْبَرْدُ,1,1,NO,NO,,aslot/axis0/0:79:2,aslot/axis0/0:79:2
0,79,3,شَدِيدًا,1,1,NO,NO,,aslot/axis0/0:79:3,aslot/axis0/0:79:3
0,80,1,أَمْسَى,1,1,NO,NO,,aslot/axis0/0:80:1,aslot/axis0/0:80:1
0,80,2,الْفَلَّاحُ,1,1,NO,NO,,aslot/axis0/0:80:2,aslot/axis0/0:80:2
0,80,3,رَاجِعًا,1,1,NO,NO,,aslot/axis0/0:80:3,aslot/axis0/0:80:3
0,81,1,أَضْحَى,1,1,NO,NO,,aslot/axis0/0:81:1,aslot/axis0/0:81:1
0,81,2,الطَّالِبُ,1,1,NO,NO,,aslot/axis0/0:81:2,aslot/axis0/0:81:2
0,81,3,مُصَلِّيًا,1,1,NO,NO,,aslot/axis0/0:81:3,aslot/axis0/0:81:3
0,82,1,ظَلَّ,1,1,NO,NO,,aslot/axis0/0:82:1,aslot/axis0/0:82:1
0,82,2,بَسِيطٌ,1,1,NO,NO,,aslot/axis0/0:82:2,aslot/axis0/0:82:2
0,82,3,صَائِمًا,1,1,NO,NO,,aslot/axis0/0:82:3,aslot/axis0/0:82:3
0,83,1,بَاتَ,1,1,NO,NO,,aslot/axis0/0:83:1,aslot/axis0/0:83:1
0,83,2,الطَّالِبُ,1,1,NO,NO,,aslot/axis0/0:83:2,aslot/axis0/0:83:2
0,83,3,مُتَدَرِّسًا,1,1,NO,NO,,aslot/axis0/0:83:3,aslot/axis0/0:83:3
0,84,1,مَا,1,1,NO,NO,,aslot/axis0/0:84:1,aslot/axis0/0:84:1
0,84,2,زَالَ,1,1,NO,NO,,aslot/axis0/0:84:2,aslot/axis0/0:84:2
0,84,3,زَيْدٌ,1,1,NO,NO,,aslot/axis0/0:84:3,aslot/axis0/0:84:3
0,84,4,مُنْفَرِدًا,1,1,NO,NO,,aslot/axis0/0:84:4,aslot/axis0/0:84:4
0,85,1,مَا,1,1,NO,NO,,aslot/axis0/0:85:1,aslot/axis0/0:85:1
0,85,2,بَرِحَ,1,1,NO,NO,,aslot/axis0/0:85:2,aslot/axis0/0:85:2
0,85,3,الْجَهْلُ,1,1,NO,NO,,aslot/axis0/0:85:3,aslot/axis0/0:85:3
0,85,4,مُضِرًّا,1,1,NO,NO,,aslot/axis0/0:85:4,aslot/axis0/0:85:4
0,86,1,مَا,1,1,NO,NO,,aslot/axis0/0:86:1,aslot/axis0/0:86:1
0,86,2,فَتِئَ,1,1,NO,NO,,aslot/axis0/0:86:2,aslot/axis0/0:86:2
0,86,3,سَرْمِينُ,1,1,NO,NO,,aslot/axis0/0:86:3,aslot/axis0/0:86:3
0,86,4,مُتَبَسِّمًا,1,1,NO,NO,,aslot/axis0/0:86:4,aslot/axis0/0:86:4
0,87,1,مَا,1,1,NO,NO,,aslot/axis0/0:87:1,aslot/axis0/0:87:1
0,87,2,انْفَكَّ,1,1,NO,NO,,aslot/axis0/0:87:2,aslot/axis0/0:87:2
0,87,3,هَاشِمٌ,1,1,NO,NO,,aslot/axis0/0:87:3,aslot/axis0/0:87:3
0,87,4,عَالِمًا,1,1,NO,NO,,aslot/axis0/0:87:4,aslot/axis0/0:87:4
0,88,1,مَا,1,1,NO,NO,,aslot/axis0/0:88:1,aslot/axis0/0:88:1
0,88,2,دَامَ,1,1,NO,NO,,aslot/axis0/0:88:2,aslot/axis0/0:88:2
0,88,3,الْفَاسِقُ,1,1,NO,NO,,aslot/axis0/0:88:3,aslot/axis0/0:88:3
0,88,4,مُتَرَدِّدًا,1,1,NO,NO,,aslot/axis0/0:88:4,aslot/axis0/0:88:4
0,89,1,لَيْسَ,1,1,NO,NO,,aslot/axis0/0:89:1,aslot/axis0/0:89:1
0,89,2,زَيْدٌ,1,1,NO,NO,,aslot/axis0/0:89:2,aslot/axis0/0:89:2
0,89,3,حَاضِرًا,1,1,NO,NO,,aslot/axis0/0:89:3,aslot/axis0/0:89:3
0,90,1,عَسَى,1,1,NO,NO,,aslot/axis0/0:90:1,aslot/axis0/0:90:1
0,90,2,زَيْدٌ,1,1,NO,NO,,aslot/axis0/0:90:2,aslot/axis0/0:90:2
0,90,3,أَنْ,1,1,NO,NO,,aslot/axis0/0:90:3,aslot/axis0/0:90:3
0,90,4,يَحْضُرَ,1,1,NO,NO,,aslot/axis0/0:90:4,aslot/axis0/0:90:4
0,91,1,كَادَ,1,1,NO,NO,,aslot/axis0/0:91:1,aslot/axis0/0:91:1
0,91,2,زَيْدٌ,1,1,NO,NO,,aslot/axis0/0:91:2,aslot/axis0/0:91:2
0,91,3,يَقُومُ,1,1,NO,NO,,aslot/axis0/0:91:3,aslot/axis0/0:91:3
0,92,1,كَرُبَ,1,1,NO,NO,,aslot/axis0/0:92:1,aslot/axis0/0:92:1
0,92,2,الْقَلْبُ,1,1,NO,NO,,aslot/axis0/0:92:2,aslot/axis0/0:92:2
0,92,3,يَذُوبُ,1,1,NO,NO,,aslot/axis0/0:92:3,aslot/axis0/0:92:3
0,93,1,أَوْشَكَ,1,1,NO,NO,,aslot/axis0/0:93:1,aslot/axis0/0:93:1
0,93,2,زَيْدٌ,1,1,NO,NO,,aslot/axis0/0:93:2,aslot/axis0/0:93:2
0,93,3,أَنْ,1,1,NO,NO,,aslot/axis0/0:93:3,aslot/axis0/0:93:3
0,93,4,يَقُومَ,1,1,NO,NO,,aslot/axis0/0:93:4,aslot/axis0/0:93:4
0,94,1,نِعْمَ,1,1,NO,NO,,aslot/axis0/0:94:1,aslot/axis0/0:94:1
0,94,2,الرَّجُلُ,1,1,NO,NO,,aslot/axis0/0:94:2,aslot/axis0/0:94:2
0,94,3,مُحَمَّدٌ,1,1,NO,NO,,aslot/axis0/0:94:3,aslot/axis0/0:94:3
0,95,1,بِئْسَ,1,1,NO,NO,,aslot/axis0/0:95:1,aslot/axis0/0:95:1
0,95,2,الطَّالِبُ,1,1,NO,NO,,aslot/axis0/0:95:2,aslot/axis0/0:95:2
0,95,3,النَّوَّامُ,1,1,NO,NO,,aslot/axis0/0:95:3,aslot/axis0/0:95:3
0,96,1,سَاءَ,1,1,NO,NO,,aslot/axis0/0:96:1,aslot/axis0/0:96:1
0,96,2,الطَّالِبُ,1,1,NO,NO,,aslot/axis0/0:96:2,aslot/axis0/0:96:2
0,96,3,الْكَسُولُ,1,1,NO,NO,,aslot/axis0/0:96:3,aslot/axis0/0:96:3
0,97,1,حَبَّذَا,1,1,NO,NO,,aslot/axis0/0:97:1,aslot/axis0/0:97:1
0,97,2,زَيْدٌ,1,1,NO,NO,,aslot/axis0/0:97:2,aslot/axis0/0:97:2
0,98,1,حَسِبْتُ,1,1,NO,NO,,aslot/axis0/0:98:1,aslot/axis0/0:98:1
0,98,2,زَيْدًا,1,1,NO,NO,,aslot/axis0/0:98:2,aslot/axis0/0:98:2
0,98,3,حَاضِرًا,1,1,NO,NO,,aslot/axis0/0:98:3,aslot/axis0/0:98:3
0,99,1,خِلْتُ,1,1,NO,NO,,aslot/axis0/0:99:1,aslot/axis0/0:99:1
0,99,2,الْهِلَالَ,1,1,NO,NO,,aslot/axis0/0:99:2,aslot/axis0/0:99:2
0,99,3,لَائِحًا,1,1,NO,NO,,aslot/axis0/0:99:3,aslot/axis0/0:99:3
0,100,1,ظَنَنْتُ,1,1,NO,NO,,aslot/axis0/0:100:1,aslot/axis0/0:100:1
0,100,2,زَيْدًا,1,1,NO,NO,,aslot/axis0/0:100:2,aslot/axis0/0:100:2
0,100,3,قَائِمًا,1,1,NO,NO,,aslot/axis0/0:100:3,aslot/axis0/0:100:3
0,101,1,رَأَيْتُ,1,1,NO,NO,,aslot/axis0/0:101:1,aslot/axis0/0:101:1
0,101,2,الطَّالِبَ,1,1,NO,NO,,aslot/axis0/0:101:2,aslot/axis0/0:101:2
0,101,3,نَاجِحًا,1,1,NO,NO,,aslot/axis0/0:101:3,aslot/axis0/0:101:3
0,102,1,عَلِمْتُ,1,1,NO,NO,,aslot/axis0/0:102:1,aslot/axis0/0:102:1
0,102,2,الزَّاهِدَ,1,1,NO,NO,,aslot/axis0/0:102:2,aslot/axis0/0:102:2
0,102,3,مَرْزُوقًا,1,1,NO,NO,,aslot/axis0/0:102:3,aslot/axis0/0:102:3
0,103,1,وَجَدْتُ,1,1,NO,NO,,aslot/axis0/0:103:1,aslot/axis0/0:103:1
0,103,2,الْعِلْمَ,1,1,NO,NO,,aslot/axis0/0:103:2,aslot/axis0/0:103:2
0,103,3,نَافِعًا,1,1,NO,NO,,aslot/axis0/0:103:3,aslot/axis0/0:103:3
0,104,1,زَعَمْتُ,1,1,NO,NO,,aslot/axis0/0:104:1,aslot/axis0/0:104:1
0,104,2,زَيْدًا,1,1,NO,NO,,aslot/axis0/0:104:2,aslot/axis0/0:104:2
0,104,3,عَالِمًا,1,1,NO,NO,,aslot/axis0/0:104:3,aslot/axis0/0:104:3
0,105,1,لَوْلَا,1,1,NO,NO,,aslot/axis0/0:105:1,aslot/axis0/0:105:1
0,105,2,زَيْدٌ,1,1,NO,NO,,aslot/axis0/0:105:2,aslot/axis0/0:105:2
0,105,3,لَهَلَكْتُ,1,1,NO,NO,,aslot/axis0/0:105:3,aslot/axis0/0:105:3
0,106,1,لَوْمَا,1,1,NO,NO,,aslot/axis0/0:106:1,aslot/axis0/0:106:1
0,106,2,زَيْدٌ,1,1,NO,NO,,aslot/axis0/0:106:2,aslot/axis0/0:106:2
0,106,3,لَهَلَكْتُ,1,1,NO,NO,,aslot/axis0/0:106:3,aslot/axis0/0:106:3
0,107,1,لَومَا,1,1,NO,NO,,aslot/axis0/0:107:1,aslot/axis0/0:107:1
0,107,2,زَيْدٌ,1,1,NO,NO,,aslot/axis0/0:107:2,aslot/axis0/0:107:2
0,108,1,أَمَّا,1,1,NO,NO,,aslot/axis0/0:108:1,aslot/axis0/0:108:1
0,108,2,زَيْدٌ,1,1,NO,NO,,aslot/axis0/0:108:2,aslot/axis0/0:108:2
0,108,3,فَمُجْتَهِدٌ,1,1,NO,NO,,aslot/axis0/0:108:3,aslot/axis0/0:108:3
0,109,1,أَيْنَ,1,1,NO,NO,,aslot/axis0/0:109:1,aslot/axis0/0:109:1
0,109,2,تَذْهَبْ,1,1,NO,NO,,aslot/axis0/0:109:2,aslot/axis0/0:109:2
0,109,3,أَذْهَبْ,1,1,NO,NO,,aslot/axis0/0:109:3,aslot/axis0/0:109:3
0,110,1,كَيْفَمَا,1,1,NO,NO,,aslot/axis0/0:110:1,aslot/axis0/0:110:1
0,110,2,تَكُونُوا,1,1,NO,NO,,aslot/axis0/0:110:2,aslot/axis0/0:110:2
0,110,3,يُوَلَّ,1,1,NO,NO,,aslot/axis0/0:110:3,aslot/axis0/0:110:3
0,110,4,عَلَيْكُمْ,1,1,NO,NO,,aslot/axis0/0:110:4,aslot/axis0/0:110:4
0,111,1,كُلَّمَا,1,1,NO,NO,,aslot/axis0/0:111:1,aslot/axis0/0:111:1
0,111,2,دَخَلَ,1,1,NO,NO,,aslot/axis0/0:111:2,aslot/axis0/0:111:2
0,111,3,نَبِيٌّ,1,1,NO,NO,,aslot/axis0/0:111:3,aslot/axis0/0:111:3
0,111,4,نَصَرُوهُ,1,1,NO,NO,,aslot/axis0/0:111:4,aslot/axis0/0:111:4
0,112,1,أَيَّ,1,1,NO,NO,,aslot/axis0/0:112:1,aslot/axis0/0:112:1
0,112,2,طَرِيقٍ,1,1,NO,NO,,aslot/axis0/0:112:2,aslot/axis0/0:112:2
0,112,3,تَسْلُكْ,1,1,NO,NO,,aslot/axis0/0:112:3,aslot/axis0/0:112:3
0,112,4,أَسْلُكْ,1,1,NO,NO,,aslot/axis0/0:112:4,aslot/axis0/0:112:4
0,113,1,أَيُّ,1,1,NO,NO,,aslot/axis0/0:113:1,aslot/axis0/0:113:1
0,113,2,رَجُلٍ,1,1,NO,NO,,aslot/axis0/0:113:2,aslot/axis0/0:113:2
0,113,3,يَجِئْ,1,1,NO,NO,,aslot/axis0/0:113:3,aslot/axis0/0:113:3
0,113,4,يُكْرَمْ,1,1,NO,NO,,aslot/axis0/0:113:4,aslot/axis0/0:113:4
0,114,1,دَخَلَ,1,1,NO,NO,,aslot/axis0/0:114:1,aslot/axis0/0:114:1
0,114,2,زَيْدٌ,1,1,NO,NO,,aslot/axis0/0:114:2,aslot/axis0/0:114:2
0,114,3,فَعَمْرٌو,1,1,NO,NO,,aslot/axis0/0:114:3,aslot/axis0/0:114:3
0,115,1,سَافَرَ,1,1,NO,NO,,aslot/axis0/0:115:1,aslot/axis0/0:115:1
0,115,2,زَيْدٌ,1,1,NO,NO,,aslot/axis0/0:115:2,aslot/axis0/0:115:2
0,115,3,ثُمَّ,1,1,NO,NO,,aslot/axis0/0:115:3,aslot/axis0/0:115:3
0,115,4,عَمْرٌو,1,1,NO,NO,,aslot/axis0/0:115:4,aslot/axis0/0:115:4
0,116,1,تَزَوَّجْ,1,1,NO,NO,,aslot/axis0/0:116:1,aslot/axis0/0:116:1
0,116,2,هِنْدًا,1,1,NO,NO,,aslot/axis0/0:116:2,aslot/axis0/0:116:2
0,116,3,أَوْ,1,1,NO,NO,,aslot/axis0/0:116:3,aslot/axis0/0:116:3
0,116,4,أُخْتَهَا,1,1,NO,NO,,aslot/axis0/0:116:4,aslot/axis0/0:116:4
0,117,1,جَاءَ,1,1,NO,NO,,aslot/axis0/0:117:1,aslot/axis0/0:117:1
0,117,2,زَيْدٌ,1,1,NO,NO,,aslot/axis0/0:117:2,aslot/axis0/0:117:2
0,117,3,أَو,1,1,NO,NO,,aslot/axis0/0:117:3,aslot/axis0/0:117:3
0,117,4,عَمْرٌو,1,1,NO,NO,,aslot/axis0/0:117:4,aslot/axis0/0:117:4
0,118,1,أَزَيْدٌ,1,1,NO,NO,,aslot/axis0/0:118:1,aslot/axis0/0:118:1
0,118,2,أَمْ,1,1,NO,NO,,aslot/axis0/0:118:2,aslot/axis0/0:118:2
0,118,3,عَمْرٌو,1,1,NO,NO,,aslot/axis0/0:118:3,aslot/axis0/0:118:3
0,119,1,جَاءَ,1,1,NO,NO,,aslot/axis0/0:119:1,aslot/axis0/0:119:1
0,119,2,زَيْدٌ,1,1,NO,NO,,aslot/axis0/0:119:2,aslot/axis0/0:119:2
0,119,3,بَلْ,1,1,NO,NO,,aslot/axis0/0:119:3,aslot/axis0/0:119:3
0,119,4,عَمْرٌو,1,1,NO,NO,,aslot/axis0/0:119:4,aslot/axis0/0:119:4
0,120,1,إِمَّا,1,1,NO,NO,,aslot/axis0/0:120:1,aslot/axis0/0:120:1
0,120,2,زَيْدٌ,1,1,NO,NO,,aslot/axis0/0:120:2,aslot/axis0/0:120:2
0,120,3,وَإِمَّا,1,1,NO,NO,,aslot/axis0/0:120:3,aslot/axis0/0:120:3
0,120,4,عَمْرٌو,1,1,NO,NO,,aslot/axis0/0:120:4,aslot/axis0/0:120:4
0,121,1,مِنَ,1,1,NO,NO,,aslot/axis0/0:121:1,aslot/axis0/0:121:1
0,121,2,الْبَيْتِ,1,1,NO,NO,,aslot/axis0/0:121:2,aslot/axis0/0:121:2
0,122,1,أَيُّهَا,1,1,NO,NO,,aslot/axis0/0:122:1,aslot/axis0/0:122:1
0,122,2,النَّاسُ,1,1,NO,NO,,aslot/axis0/0:122:2,aslot/axis0/0:122:2
0,123,1,وَا,1,1,NO,NO,,aslot/axis0/0:123:1,aslot/axis0/0:123:1
0,123,2,زَيْدَاهُ,1,1,NO,NO,,aslot/axis0/0:123:2,aslot/axis0/0:123:2
0,124,1,آ,1,1,NO,NO,,aslot/axis0/0:124:1,aslot/axis0/0:124:1
0,124,2,زَيْدُ,1,1,NO,NO,,aslot/axis0/0:124:2,aslot/axis0/0:124:2
0,125,1,إِذَنْ,1,1,NO,NO,,aslot/axis0/0:125:1,aslot/axis0/0:125:1
0,125,2,أَنْجَحَ,1,1,NO,NO,,aslot/axis0/0:125:2,aslot/axis0/0:125:2
0,126,1,يُرِيدُ,1,1,NO,NO,,aslot/axis0/0:126:1,aslot/axis0/0:126:1
0,126,2,أَنْ,1,1,NO,NO,,aslot/axis0/0:126:2,aslot/axis0/0:126:2
0,126,3,يَنْجَحَ,1,1,NO,NO,,aslot/axis0/0:126:3,aslot/axis0/0:126:3
0,127,1,نَعَمْ,1,1,NO,NO,,aslot/axis0/0:127:1,aslot/axis0/0:127:1
0,127,2,فَعَلْتُ,1,1,NO,NO,,aslot/axis0/0:127:2,aslot/axis0/0:127:2
0,128,1,هَيَّا,1,1,NO,NO,,aslot/axis0/0:128:1,aslot/axis0/0:128:1
0,128,2,إِلَى,1,1,NO,NO,,aslot/axis0/0:128:2,aslot/axis0/0:128:2
0,128,3,الصَّلَاةِ,1,1,NO,NO,,aslot/axis0/0:128:3,aslot/axis0/0:128:3
0,129,1,هِيهَاتَ,1,1,NO,NO,,aslot/axis0/0:129:1,aslot/axis0/0:129:1
0,129,2,لِمَا,1,1,NO,NO,,aslot/axis0/0:129:2,aslot/axis0/0:129:2
0,129,3,تُوعَدُونَ,1,1,NO,NO,,aslot/axis0/0:129:3,aslot/axis0/0:129:3
0,130,1,ذَو,1,1,NO,NO,,aslot/axis0/0:130:1,aslot/axis0/0:130:1
0,130,2,عِلْمٍ,1,1,NO,NO,,aslot/axis0/0:130:2,aslot/axis0/0:130:2
0,131,1,مَاْ,1,1,NO,NO,,aslot/axis0/0:131:1,aslot/axis0/0:131:1
0,131,2,فَعَلْتَهُ,1,1,NO,NO,,aslot/axis0/0:131:2,aslot/axis0/0:131:2
0,132,1,مَا,1,1,NO,NO,,aslot/axis0/0:132:1,aslot/axis0/0:132:1
0,132,2,فَعَلْتَ,1,1,NO,NO,,aslot/axis0/0:132:2,aslot/axis0/0:132:2
0,133,1,مثال,1,1,NO,NO,,aslot/axis0/0:133:1,aslot/axis0/0:133:1
0,134,1,مثال,1,1,NO,NO,,aslot/axis0/0:134:1,aslot/axis0/0:134:1
0,135,1,مثال,1,1,NO,NO,,aslot/axis0/0:135:1,aslot/axis0/0:135:1
0,136,1,مثال,1,1,NO,NO,,aslot/axis0/0:136:1,aslot/axis0/0:136:1
0,137,1,مثال,1,1,NO,NO,,aslot/axis0/0:137:1,aslot/axis0/0:137:1
0,138,1,مثال,1,1,NO,NO,,aslot/axis0/0:138:1,aslot/axis0/0:138:1
0,139,1,مثال,1,1,NO,NO,,aslot/axis0/0:139:1,aslot/axis0/0:139:1
0,140,1,مثال,1,1,NO,NO,,aslot/axis0/0:140:1,aslot/axis0/0:140:1
0,141,1,مثال,1,1,NO,NO,,aslot/axis0/0:141:1,aslot/axis0/0:141:1
0,142,1,مثال,1,1,NO,NO,,aslot/axis0/0:142:1,aslot/axis0/0:142:1
0,143,1,مثال,1,1,NO,NO,,aslot/axis0/0:143:1,aslot/axis0/0:143:1
0,144,1,مثال,1,1,NO,NO,,aslot/axis0/0:144:1,aslot/axis0/0:144:1
0,145,1,مثال,1,1,NO,NO,,aslot/axis0/0:145:1,aslot/axis0/0:145:1
0,146,1,مثال,1,1,NO,NO,,aslot/axis0/0:146:1,aslot/axis0/0:146:1
0,147,1,مثال,1,1,NO,NO,,aslot/axis0/0:147:1,aslot/axis0/0:147:1
0,148,1,مثال,1,1,NO,NO,,aslot/axis0/0:148:1,aslot/axis0/0:148:1
0,149,1,مثال,1,1,NO,NO,,aslot/axis0/0:149:1,aslot/axis0/0:149:1
0,150,1,مثال,1,1,NO,NO,,aslot/axis0/0:150:1,aslot/axis0/0:150:1
0,151,1,مثال,1,1,NO,NO,,aslot/axis0/0:151:1,aslot/axis0/0:151:1
0,152,1,مثال,1,1,NO,NO,,aslot/axis0/0:152:1,aslot/axis0/0:152:1
0,153,1,مثال,1,1,NO,NO,,aslot/axis0/0:153:1,aslot/axis0/0:153:1
0,154,1,مثال,1,1,NO,NO,,aslot/axis0/0:154:1,aslot/axis0/0:154:1
0,155,1,مثال,1,1,NO,NO,,aslot/axis0/0:155:1,aslot/axis0/0:155:1
0,156,1,مثال,1,1,NO,NO,,aslot/axis0/0:156:1,aslot/axis0/0:156:1
0,157,1,مثال,1,1,NO,NO,,aslot/axis0/0:157:1,aslot/axis0/0:157:1
0,158,1,جَاءَ,1,1,NO,NO,,aslot/axis0/0:158:1,aslot/axis0/0:158:1
0,158,2,زَيْدٌ,1,1,NO,NO,,aslot/axis0/0:158:2,aslot/axis0/0:158:2
0,158,3,لَكِنْ,1,1,NO,NO,,aslot/axis0/0:158:3,aslot/axis0/0:158:3
0,158,4,عَمْرٌو,1,1,NO,NO,,aslot/axis0/0:158:4,aslot/axis0/0:158:4
0,158,5,لَمْ,1,1,NO,NO,,aslot/axis0/0:158:5,aslot/axis0/0:158:5
0,158,6,يَجِئْ,1,1,NO,NO,,aslot/axis0/0:158:6,aslot/axis0/0:158:6
0,159,1,جِئْتُ,1,1,NO,NO,,aslot/axis0/0:159:1,aslot/axis0/0:159:1
0,159,2,لَ,1,1,NO,NO,,aslot/axis0/0:159:2,aslot/axis0/0:159:2
0,159,3,أَتَعَلَّمَ,1,1,NO,NO,,aslot/axis0/0:159:3,aslot/axis0/0:159:3
0,160,1,أَيَّانَ,1,1,NO,NO,,aslot/axis0/0:160:1,aslot/axis0/0:160:1
0,160,2,تَسْأَلْنِي,1,1,NO,NO,,aslot/axis0/0:160:2,aslot/axis0/0:160:2
0,160,3,أُجِبْكَ,1,1,NO,NO,,aslot/axis0/0:160:3,aslot/axis0/0:160:3
