Sura_No,Verse_No,Word_No,Word,Normalized_Word,Normalization_Status,Owner_Decision_Classes,Rules_Applied,Stop_Reason,Jalalah_Prefix,Jalalah_Preserved,Elision_Points,Trace_Anchor,Parent_Anchor
0,1,1,مَرَرْتُ,مَرَرْتُ,NORMALIZED,,N12,,,,,aslot/axis1/0:1:1,aslot/axis0/0:1:1
0,1,2,بِزَيْدٍ,بِزَيْدِنْ,NORMALIZED_OWNER_DECISION_REQUIRED,U_TANWEEN,N12,,,,,aslot/axis1/0:1:2,aslot/axis0/0:1:2
0,2,1,سِرْتُ,سِرْتُ,NORMALIZED,,N12,,,,,aslot/axis1/0:2:1,aslot/axis0/0:2:1
0,2,2,مِنَ,مِنَ,NORMALIZED,,,,,,,aslot/axis1/0:2:2,aslot/axis0/0:2:2
0,2,3,الْبَيْتِ,ءَلْبَيْتِ,NORMALIZED,,N7.1|N10|N12,,,,4,aslot/axis1/0:2:3,aslot/axis0/0:2:3
0,3,1,سِرْتُ,سِرْتُ,NORMALIZED,,N12,,,,,aslot/axis1/0:3:1,aslot/axis0/0:3:1
0,3,2,إِلَى,إِلَاْ,NORMALIZED_OWNER_DECISION_REQUIRED,U_ALIF_MAQSURA,N10|N12,,,,,aslot/axis1/0:3:2,aslot/axis0/0:3:2
0,3,3,الْبَيْتِ,ءَلْبَيْتِ,NORMALIZED,,N7.1|N10|N12,,,,4,aslot/axis1/0:3:3,aslot/axis0/0:3:3
0,4,1,الْمَاءُ,ءَلْمَاْءُ,NORMALIZED,,N7.1|N10|N12,,,,4,aslot/axis1/0:4:1,aslot/axis0/0:4:1
0,4,2,فِي,فِيْ,NORMALIZED,,N12,,,,,aslot/axis1/0:4:2,aslot/axis0/0:4:2
0,4,3,الْكُوزِ,ءَلْكُوْزِ,NORMALIZED,,N7.1|N10|N12,,,,4,aslot/axis1/0:4:3,aslot/axis0/0:4:3
0,5,1,رَمَيْتُ,رَمَيْتُ,NORMALIZED,,N12,,,,,aslot/axis1/0:5:1,aslot/axis0/0:5:1
0,5,2,السَّهْمَ,ءَسْسَهْمَ,NORMALIZED,,N7.1|N10|N9|N2|N12,,,,2,aslot/axis1/0:5:2,aslot/axis0/0:5:2
0,5,3,عَنِ,عَنِ,NORMALIZED,,,,,,,aslot/axis1/0:5:3,aslot/axis0/0:5:3
0,5,4,الْقَوْسِ,ءَلْقَوْسِ,NORMALIZED,,N7.1|N10|N12,,,,4,aslot/axis1/0:5:4,aslot/axis0/0:5:4
0,6,1,وَاللَّهِ,وَاللَّهِ,EXCLUDED_LAFZ_AL_JALALAH,,N0.J,,وَ,اللَّهِ,,aslot/axis1/0:6:1,aslot/axis0/0:6:1
0,6,2,لَأَشْرَبَنَّ,لَأَشْرَبَنْنَ,NORMALIZED,,N10|N12|N2,,,,,aslot/axis1/0:6:2,aslot/axis0/0:6:2
0,7,1,بِاللَّهِ,بِاللَّهِ,EXCLUDED_LAFZ_AL_JALALAH,,N0.J,,بِ,اللَّهِ,,aslot/axis1/0:7:1,aslot/axis0/0:7:1
0,7,2,لَأَفْعَلَنَّ,لَأَفْعَلَنْنَ,NORMALIZED,,N10|N12|N2,,,,,aslot/axis1/0:7:2,aslot/axis0/0:7:2
0,8,1,تَاللَّهِ,تَاللَّهِ,EXCLUDED_LAFZ_AL_JALALAH,,N0.J,,تَ,اللَّهِ,,aslot/axis1/0:8:1,aslot/axis0/0:8:1
0,8,2,لَأَضْرِبَنَّ,لَأَضْرِبَنْنَ,NORMALIZED,,N10|N12|N2,,,,,aslot/axis1/0:8:2,aslot/axis0/0:8:2
0,8,3,زَيْدًا,زَيْدَنْاْ,NORMALIZED_OWNER_DECISION_REQUIRED,U_TANWEEN|U_UNVOCALIZED_CARRIER,N12,,,,,aslot/axis1/0:8:3,aslot/axis0/0:8:3
0,9,1,الْمَالُ,ءَلْمَاْلُ,NORMALIZED,,N7.1|N10|N12,,,,4,aslot/axis1/0:9:1,aslot/axis0/0:9:1
0,9,2,لِزَيْدٍ,لِزَيْدِنْ,NORMALIZED_OWNER_DECISION_REQUIRED,U_TANWEEN,N12,,,,,aslot/axis1/0:9:2,aslot/axis0/0:9:2
0,10,1,رُبَّ,رُبْبَ,NORMALIZED,,N2,,,,,aslot/axis1/0:10:1,aslot/axis0/0:10:1
0,10,2,رَجُلٍ,رَجُلِنْ,NORMALIZED_OWNER_DECISION_REQUIRED,U_TANWEEN,,,,,,aslot/axis1/0:10:2,aslot/axis0/0:10:2
0,10,3,كَرِيمٍ,كَرِيْمِنْ,NORMALIZED_OWNER_DECISION_REQUIRED,U_TANWEEN,N12,,,,,aslot/axis1/0:10:3,aslot/axis0/0:10:3
0,10,4,لَقِيتُهُ,لَقِيْتُهُ,NORMALIZED,,N12,,,,,aslot/axis1/0:10:4,aslot/axis0/0:10:4
0,11,1,وَلَيْلٍ,وَلَيْلِنْ,NORMALIZED_OWNER_DECISION_REQUIRED,U_TANWEEN,N12,,,,,aslot/axis1/0:11:1,aslot/axis0/0:11:1
0,11,2,كَمَوْجِ,كَمَوْجِ,NORMALIZED,,N12,,,,,aslot/axis1/0:11:2,aslot/axis0/0:11:2
0,11,3,الْبَحْرِ,ءَلْبَحْرِ,NORMALIZED,,N7.1|N10|N12,,,,4,aslot/axis1/0:11:3,aslot/axis0/0:11:3
0,12,1,الْكِتَابُ,ءَلْكِتَاْبُ,NORMALIZED,,N7.1|N10|N12,,,,4,aslot/axis1/0:12:1,aslot/axis0/0:12:1
0,12,2,عَلَى,عَلَاْ,NORMALIZED_OWNER_DECISION_REQUIRED,U_ALIF_MAQSURA,N12,,,,,aslot/axis1/0:12:2,aslot/axis0/0:12:2
0,12,3,الْمَكْتَبِ,ءَلْمَكْتَبِ,NORMALIZED,,N7.1|N10|N12,,,,4,aslot/axis1/0:12:3,aslot/axis0/0:12:3
0,13,1,زَيْدٌ,زَيْدُنْ,NORMALIZED_OWNER_DECISION_REQUIRED,U_TANWEEN,N12,,,,,aslot/axis1/0:13:1,aslot/axis0/0:13:1
0,13,2,كَالْأَسَدِ,كَلْأَسَدِ,NORMALIZED_OWNER_DECISION_REQUIRED,U_N7_2_INTERNAL_AL,N7.2|N12|N10,,,,2|4,aslot/axis1/0:13:2,aslot/axis0/0:13:2
0,14,1,مَا,مَاْ,NORMALIZED,,N12,,,,,aslot/axis1/0:14:1,aslot/axis0/0:14:1
0,14,2,رَأَيْتُ,رَأَيْتُ,NORMALIZED,,N10|N12,,,,,aslot/axis1/0:14:2,aslot/axis0/0:14:2
0,14,3,زَيْدًا,زَيْدَنْاْ,NORMALIZED_OWNER_DECISION_REQUIRED,U_TANWEEN|U_UNVOCALIZED_CARRIER,N12,,,,,aslot/axis1/0:14:3,aslot/axis0/0:14:3
0,14,4,مُذْ,مُذْ,NORMALIZED,,N12,,,,,aslot/axis1/0:14:4,aslot/axis0/0:14:4
0,14,5,يَوْمِ,يَوْمِ,NORMALIZED,,N12,,,,,aslot/axis1/0:14:5,aslot/axis0/0:14:5
0,14,6,الْجُمُعَةِ,ءَلْجُمُعَةِ,NORMALIZED,,N7.1|N10|N12,,,,4,aslot/axis1/0:14:6,aslot/axis0/0:14:6
0,15,1,مَا,مَاْ,NORMALIZED,,N12,,,,,aslot/axis1/0:15:1,aslot/axis0/0:15:1
0,15,2,رَأَيْتُ,رَأَيْتُ,NORMALIZED,,N10|N12,,,,,aslot/axis1/0:15:2,aslot/axis0/0:15:2
0,15,3,زَيْدًا,زَيْدَنْاْ,NORMALIZED_OWNER_DECISION_REQUIRED,U_TANWEEN|U_UNVOCALIZED_CARRIER,N12,,,,,aslot/axis1/0:15:3,aslot/axis0/0:15:3
0,15,4,مُنْذُ,مُنْذُ,NORMALIZED,,N12,,,,,aslot/axis1/0:15:4,aslot/axis0/0:15:4
0,15,5,يَوْمِ,يَوْمِ,NORMALIZED,,N12,,,,,aslot/axis1/0:15:5,aslot/axis0/0:15:5
0,15,6,الْجُمُعَةِ,ءَلْجُمُعَةِ,NORMALIZED,,N7.1|N10|N12,,,,4,aslot/axis1/0:15:6,aslot/axis0/0:15:6
0,16,1,سَلَامٌ,سَلَاْمُنْ,NORMALIZED_OWNER_DECISION_REQUIRED,U_TANWEEN,N12,,,,,aslot/axis1/0:16:1,aslot/axis0/0:16:1
0,16,2,هِيَ,هِيَ,NORMALIZED,,,,,,,aslot/axis1/0:16:2,aslot/axis0/0:16:2
0,16,3,حَتَّى,حَتْتَاْ,NORMALIZED_OWNER_DECISION_REQUIRED,U_ALIF_MAQSURA,N2|N12,,,,,aslot/axis1/0:16:3,aslot/axis0/0:16:3
0,16,4,مَطْلَعِ,مَطْلَعِ,NORMALIZED,,N12,,,,,aslot/axis1/0:16:4,aslot/axis0/0:16:4
0,16,5,الْفَجْرِ,ءَلْفَجْرِ,NORMALIZED,,N7.1|N10|N12,,,,4,aslot/axis1/0:16:5,aslot/axis0/0:16:5
0,17,1,جَاءَنِي,جَاْءَنِيْ,NORMALIZED,,N12,,,,,aslot/axis1/0:17:1,aslot/axis0/0:17:1
0,17,2,الْقَوْمُ,ءَلْقَوْمُ,NORMALIZED,,N7.1|N10|N12,,,,4,aslot/axis1/0:17:2,aslot/axis0/0:17:2
0,17,3,حَاشَا,حَاْشَاْ,NORMALIZED,,N12,,,,,aslot/axis1/0:17:3,aslot/axis0/0:17:3
0,17,4,زَيْدٍ,زَيْدِنْ,NORMALIZED_OWNER_DECISION_REQUIRED,U_TANWEEN,N12,,,,,aslot/axis1/0:17:4,aslot/axis0/0:17:4
0,18,1,جَاءَنِي,جَاْءَنِيْ,NORMALIZED,,N12,,,,,aslot/axis1/0:18:1,aslot/axis0/0:18:1
0,18,2,الْقَوْمُ,ءَلْقَوْمُ,NORMALIZED,,N7.1|N10|N12,,,,4,aslot/axis1/0:18:2,aslot/axis0/0:18:2
0,18,3,عَدَا,عَدَاْ,NORMALIZED,,N12,,,,,aslot/axis1/0:18:3,aslot/axis0/0:18:3
0,18,4,زَيْدٍ,زَيْدِنْ,NORMALIZED_OWNER_DECISION_REQUIRED,U_TANWEEN,N12,,,,,aslot/axis1/0:18:4,aslot/axis0/0:18:4
0,19,1,جَاءَنِي,جَاْءَنِيْ,NORMALIZED,,N12,,,,,aslot/axis1/0:19:1,aslot/axis0/0:19:1
0,19,2,الْقَوْمُ,ءَلْقَوْمُ,NORMALIZED,,N7.1|N10|N12,,,,4,aslot/axis1/0:19:2,aslot/axis0/0:19:2
0,19,3,خَلَا,خَلَاْ,NORMALIZED,,N12,,,,,aslot/axis1/0:19:3,aslot/axis0/0:19:3
0,19,4,زَيْدٍ,زَيْدِنْ,NORMALIZED_OWNER_DECISION_REQUIRED,U_TANWEEN,N12,,,,,aslot/axis1/0:19:4,aslot/axis0/0:19:4
0,20,1,إِنَّ,إِنْنَ,NORMALIZED,,N10|N2,,,,,aslot/axis1/0:20:1,aslot/axis0/0:20:1
0,20,2,زَيْدًا,زَيْدَنْاْ,NORMALIZED_OWNER_DECISION_REQUIRED,U_TANWEEN|U_UNVOCALIZED_CARRIER,N12,,,,,aslot/axis1/0:20:2,aslot/axis0/0:20:2
0,20,3,قَائِمٌ,قَاْئِمُنْ,NORMALIZED_OWNER_DECISION_REQUIRED,U_TANWEEN,N12|N10,,,,,aslot/axis1/0:20:3,aslot/axis0/0:20:3
0,21,1,بَلَغَنِي,بَلَغَنِيْ,NORMALIZED,,N12,,,,,aslot/axis1/0:21:1,aslot/axis0/0:21:1
0,21,2,أَنَّ,أَنْنَ,NORMALIZED,,N10|N2,,,,,aslot/axis1/0:21:2,aslot/axis0/0:21:2
0,21,3,زَيْدًا,زَيْدَنْاْ,NORMALIZED_OWNER_DECISION_REQUIRED,U_TANWEEN|U_UNVOCALIZED_CARRIER,N12,,,,,aslot/axis1/0:21:3,aslot/axis0/0:21:3
0,21,4,مُنْطَلِقٌ,مُنْطَلِقُنْ,NORMALIZED_OWNER_DECISION_REQUIRED,U_TANWEEN,N12,,,,,aslot/axis1/0:21:4,aslot/axis0/0:21:4
0,22,1,كَأَنَّ,كَأَنْنَ,NORMALIZED,,N10|N2,,,,,aslot/axis1/0:22:1,aslot/axis0/0:22:1
0,22,2,زَيْدًا,زَيْدَنْاْ,NORMALIZED_OWNER_DECISION_REQUIRED,U_TANWEEN|U_UNVOCALIZED_CARRIER,N12,,,,,aslot/axis1/0:22:2,aslot/axis0/0:22:2
0,22,3,أَسَدٌ,أَسَدُنْ,NORMALIZED_OWNER_DECISION_REQUIRED,U_TANWEEN,N10,,,,,aslot/axis1/0:22:3,aslot/axis0/0:22:3
0,23,1,غَابَ,غَاْبَ,NORMALIZED,,N12,,,,,aslot/axis1/0:23:1,aslot/axis0/0:23:1
0,23,2,زَيْدٌ,زَيْدُنْ,NORMALIZED_OWNER_DECISION_REQUIRED,U_TANWEEN,N12,,,,,aslot/axis1/0:23:2,aslot/axis0/0:23:2
0,23,3,لَكِنَّ,لَكِنْنَ,NORMALIZED,,N2,,,,,aslot/axis1/0:23:3,aslot/axis0/0:23:3
0,23,4,عَمْرًا,عَمْرَنْاْ,NORMALIZED_OWNER_DECISION_REQUIRED,U_TANWEEN|U_UNVOCALIZED_CARRIER,N12,,,,,aslot/axis1/0:23:4,aslot/axis0/0:23:4
0,23,5,حَاضِرٌ,حَاْضِرُنْ,NORMALIZED_OWNER_DECISION_REQUIRED,U_TANWEEN,N12,,,,,aslot/axis1/0:23:5,aslot/axis0/0:23:5
0,24,1,لَيْتَ,لَيْتَ,NORMALIZED,,N12,,,,,aslot/axis1/0:24:1,aslot/axis0/0:24:1
0,24,2,زَيْدًا,زَيْدَنْاْ,NORMALIZED_OWNER_DECISION_REQUIRED,U_TANWEEN|U_UNVOCALIZED_CARRIER,N12,,,,,aslot/axis1/0:24:2,aslot/axis0/0:24:2
0,24,3,طَائِرًا,طَاْئِرَنْاْ,NORMALIZED_OWNER_DECISION_REQUIRED,U_TANWEEN|U_UNVOCALIZED_CARRIER,N12|N10,,,,,aslot/axis1/0:24:3,aslot/axis0/0:24:3
0,25,1,لَعَلَّ,لَعَلْلَ,NORMALIZED,,N2,,,,,aslot/axis1/0:25:1,aslot/axis0/0:25:1
0,25,2,السُّلْطَانَ,ءَسْسُلْطَاْنَ,NORMALIZED,,N7.1|N10|N9|N2|N12,,,,2,aslot/axis1/0:25:2,aslot/axis0/0:25:2
0,25,3,عَادِلٌ,عَاْدِلُنْ,NORMALIZED_OWNER_DECISION_REQUIRED,U_TANWEEN,N12,,,,,aslot/axis1/0:25:3,aslot/axis0/0:25:3
0,26,1,مَا,مَاْ,NORMALIZED,,N12,,,,,aslot/axis1/0:26:1,aslot/axis0/0:26:1
0,26,2,زَيْدٌ,زَيْدُنْ,NORMALIZED_OWNER_DECISION_REQUIRED,U_TANWEEN,N12,,,,,aslot/axis1/0:26:2,aslot/axis0/0:26:2
0,26,3,ذَاهِبًا,ذَاْهِبَنْاْ,NORMALIZED_OWNER_DECISION_REQUIRED,U_TANWEEN|U_UNVOCALIZED_CARRIER,N12,,,,,aslot/axis1/0:26:3,aslot/axis0/0:26:3
0,27,1,لَا,لَاْ,NORMALIZED,,N12,,,,,aslot/axis1/0:27:1,aslot/axis0/0:27:1
0,27,2,رَجُلَ,رَجُلَ,NORMALIZED,,,,,,,aslot/axis1/0:27:2,aslot/axis0/0:27:2
0,27,3,مُسَافِرًا,مُسَاْفِرَنْاْ,NORMALIZED_OWNER_DECISION_REQUIRED,U_TANWEEN|U_UNVOCALIZED_CARRIER,N12,,,,,aslot/axis1/0:27:3,aslot/axis0/0:27:3
0,28,1,اسْتَوَى,ءَسْتَوَاْ,NORMALIZED_OWNER_DECISION_REQUIRED,U_ALIF_MAQSURA,N7|N7.3:INOPERATIVE|N12,,,,,aslot/axis1/0:28:1,aslot/axis0/0:28:1
0,28,2,الْمَاءُ,ءَلْمَاْءُ,NORMALIZED,,N7.1|N10|N12,,,,4,aslot/axis1/0:28:2,aslot/axis0/0:28:2
0,28,3,وَالْخَشَبَةَ,وَلْخَشَبَةَ,NORMALIZED_OWNER_DECISION_REQUIRED,U_N7_2_INTERNAL_AL,N7.2|N12,,,,2|4,aslot/axis1/0:28:3,aslot/axis0/0:28:3
0,29,1,قَامَ,قَاْمَ,NORMALIZED,,N12,,,,,aslot/axis1/0:29:1,aslot/axis0/0:29:1
0,29,2,الْقَوْمُ,ءَلْقَوْمُ,NORMALIZED,,N7.1|N10|N12,,,,4,aslot/axis1/0:29:2,aslot/axis0/0:29:2
0,29,3,إِلَّا,إِلْلَاْ,NORMALIZED,,N10|N2|N12,,,,,aslot/axis1/0:29:3,aslot/axis0/0:29:3
0,29,4,زَيْدًا,زَيْدَنْاْ,NORMALIZED_OWNER_DECISION_REQUIRED,U_TANWEEN|U_UNVOCALIZED_CARRIER,N12,,,,,aslot/axis1/0:29:4,aslot/axis0/0:29:4
0,30,1,يَا,يَاْ,NORMALIZED,,N12,,,,,aslot/axis1/0:30:1,aslot/axis0/0:30:1
0,30,2,رَسُولَ,رَسُوْلَ,NORMALIZED,,N12,,,,,aslot/axis1/0:30:2,aslot/axis0/0:30:2
0,30,3,اللَّهِ,اللَّهِ,EXCLUDED_LAFZ_AL_JALALAH,,N0.J,,,اللَّهِ,,aslot/axis1/0:30:3,aslot/axis0/0:30:3
0,31,1,أَيَّا,أَيْيَاْ,NORMALIZED,,N10|N2|N12,,,,,aslot/axis1/0:31:1,aslot/axis0/0:31:1
0,31,2,جَمَّا,جَمْمَاْ,NORMALIZED,,N2|N12,,,,,aslot/axis1/0:31:2,aslot/axis0/0:31:2
0,31,3,ذَنْبَهُ,ذَنْبَهُ,NORMALIZED,,N12,,,,,aslot/axis1/0:31:3,aslot/axis0/0:31:3
0,32,1,هَيَّا,هَيْيَاْ,NORMALIZED,,N2|N12,,,,,aslot/axis1/0:32:1,aslot/axis0/0:32:1
0,32,2,نَاسِيًا,نَاْسِيَنْاْ,NORMALIZED_OWNER_DECISION_REQUIRED,U_TANWEEN|U_UNVOCALIZED_CARRIER,N12,,,,,aslot/axis1/0:32:2,aslot/axis0/0:32:2
0,32,3,نِعْمَةَ,نِعْمَةَ,NORMALIZED,,N12,,,,,aslot/axis1/0:32:3,aslot/axis0/0:32:3
0,32,4,اللَّهِ,اللَّهِ,EXCLUDED_LAFZ_AL_JALALAH,,N0.J,,,اللَّهِ,,aslot/axis1/0:32:4,aslot/axis0/0:32:4
0,33,1,أَيَّ,أَيْيَ,NORMALIZED,,N10|N2,,,,,aslot/axis1/0:33:1,aslot/axis0/0:33:1
0,33,2,تَائِبًا,تَاْئِبَنْاْ,NORMALIZED_OWNER_DECISION_REQUIRED,U_TANWEEN|U_UNVOCALIZED_CARRIER,N12|N10,,,,,aslot/axis1/0:33:2,aslot/axis0/0:33:2
0,33,3,إِلَى,إِلَاْ,NORMALIZED_OWNER_DECISION_REQUIRED,U_ALIF_MAQSURA,N10|N12,,,,,aslot/axis1/0:33:3,aslot/axis0/0:33:3
0,33,4,رَبِّهِ,رَبْبِهِ,NORMALIZED,,N2,,,,,aslot/axis1/0:33:4,aslot/axis0/0:33:4
0,34,1,أَعْبُدِ,أَعْبُدِ,NORMALIZED,,N10|N12,,,,,aslot/axis1/0:34:1,aslot/axis0/0:34:1
0,34,2,اللَّهَ,اللَّهَ,EXCLUDED_LAFZ_AL_JALALAH,,N0.J,,,اللَّهَ,,aslot/axis1/0:34:2,aslot/axis0/0:34:2
0,35,1,هَلْ,هَلْ,NORMALIZED,,N12,,,,,aslot/axis1/0:35:1,aslot/axis0/0:35:1
0,35,2,حَضَرْتَ؟,,IGNORED_NON_WORD_TOKEN,,,NON_LETTER@8:'؟',,,,aslot/axis1/0:35:2,aslot/axis0/0:35:2
0,36,1,يَجُوزُ,يَجُوْزُ,NORMALIZED,,N12,,,,,aslot/axis1/0:36:1,aslot/axis0/0:36:1
0,36,2,لَكَ,لَكَ,NORMALIZED,,,,,,,aslot/axis1/0:36:2,aslot/axis0/0:36:2
0,36,3,أَنْ,أَنْ,NORMALIZED,,N10|N12,,,,,aslot/axis1/0:36:3,aslot/axis0/0:36:3
0,36,4,تَنْصَرِفَ,تَنْصَرِفَ,NORMALIZED,,N12,,,,,aslot/axis1/0:36:4,aslot/axis0/0:36:4
0,37,1,لَنْ,لَنْ,NORMALIZED,,N12,,,,,aslot/axis1/0:37:1,aslot/axis0/0:37:1
0,37,2,يَنْجَحَ,يَنْجَحَ,NORMALIZED,,N12,,,,,aslot/axis1/0:37:2,aslot/axis0/0:37:2
0,37,3,الْكَسْلَانُ,ءَلْكَسْلَاْنُ,NORMALIZED,,N7.1|N10|N12,,,,4,aslot/axis1/0:37:3,aslot/axis0/0:37:3
0,38,1,جِئْتُكَ,جِئْتُكَ,NORMALIZED,,N10|N12,,,,,aslot/axis1/0:38:1,aslot/axis0/0:38:1
0,38,2,كَيْ,كَيْ,NORMALIZED,,N12,,,,,aslot/axis1/0:38:2,aslot/axis0/0:38:2
0,38,3,أَتَعَلَّمَ,أَتَعَلْلَمَ,NORMALIZED,,N10|N2,,,,,aslot/axis1/0:38:3,aslot/axis0/0:38:3
0,39,1,إِذًا,إِذَنْاْ,NORMALIZED_OWNER_DECISION_REQUIRED,U_TANWEEN|U_UNVOCALIZED_CARRIER,N10,,,,,aslot/axis1/0:39:1,aslot/axis0/0:39:1
0,39,2,تُفْلِحَ,تُفْلِحَ,NORMALIZED,,N12,,,,,aslot/axis1/0:39:2,aslot/axis0/0:39:2
0,40,1,لَمْ,لَمْ,NORMALIZED,,N12,,,,,aslot/axis1/0:40:1,aslot/axis0/0:40:1
0,40,2,يَكْتُبْ,يَكْتُبْ,NORMALIZED,,N12,,,,,aslot/axis1/0:40:2,aslot/axis0/0:40:2
0,40,3,زَيْدٌ,زَيْدُنْ,NORMALIZED_OWNER_DECISION_REQUIRED,U_TANWEEN,N12,,,,,aslot/axis1/0:40:3,aslot/axis0/0:40:3
0,41,1,لَمَّا,لَمْمَاْ,NORMALIZED,,N2|N12,,,,,aslot/axis1/0:41:1,aslot/axis0/0:41:1
0,41,2,أَكْتُبْ,أَكْتُبْ,NORMALIZED,,N10|N12,,,,,aslot/axis1/0:41:2,aslot/axis0/0:41:2
0,42,1,لِيَنْصُرْ,لِيَنْصُرْ,NORMALIZED,,N12,,,,,aslot/axis1/0:42:1,aslot/axis0/0:42:1
0,43,1,لَا,لَاْ,NORMALIZED,,N12,,,,,aslot/axis1/0:43:1,aslot/axis0/0:43:1
0,43,2,تَضْرِبْ,تَضْرِبْ,NORMALIZED,,N12,,,,,aslot/axis1/0:43:2,aslot/axis0/0:43:2
0,44,1,إِنْ,إِنْ,NORMALIZED,,N10|N12,,,,,aslot/axis1/0:44:1,aslot/axis0/0:44:1
0,44,2,تَضْرِبْ,تَضْرِبْ,NORMALIZED,,N12,,,,,aslot/axis1/0:44:2,aslot/axis0/0:44:2
0,44,3,أَضْرِبْ,أَضْرِبْ,NORMALIZED,,N10|N12,,,,,aslot/axis1/0:44:3,aslot/axis0/0:44:3
0,45,1,مَنْ,مَنْ,NORMALIZED,,N12,,,,,aslot/axis1/0:45:1,aslot/axis0/0:45:1
0,45,2,يَرْحَمْ,يَرْحَمْ,NORMALIZED,,N12,,,,,aslot/axis1/0:45:2,aslot/axis0/0:45:2
0,45,3,يُرْحَمْ,يُرْحَمْ,NORMALIZED,,N12,,,,,aslot/axis1/0:45:3,aslot/axis0/0:45:3
0,46,1,مَا,مَاْ,NORMALIZED,,N12,,,,,aslot/axis1/0:46:1,aslot/axis0/0:46:1
0,46,2,تَفْعَلْ,تَفْعَلْ,NORMALIZED,,N12,,,,,aslot/axis1/0:46:2,aslot/axis0/0:46:2
0,46,3,أَفْعَلْ,أَفْعَلْ,NORMALIZED,,N10|N12,,,,,aslot/axis1/0:46:3,aslot/axis0/0:46:3
0,47,1,أَيَّا,أَيْيَاْ,NORMALIZED,,N10|N2|N12,,,,,aslot/axis1/0:47:1,aslot/axis0/0:47:1
0,47,2,تَضْرِبْ,تَضْرِبْ,NORMALIZED,,N12,,,,,aslot/axis1/0:47:2,aslot/axis0/0:47:2
0,47,3,أَضْرِبْهُ,أَضْرِبْهُ,NORMALIZED,,N10|N12,,,,,aslot/axis1/0:47:3,aslot/axis0/0:47:3
0,48,1,مَتَى,مَتَاْ,NORMALIZED_OWNER_DECISION_REQUIRED,U_ALIF_MAQSURA,N12,,,,,aslot/axis1/0:48:1,aslot/axis0/0:48:1
0,48,2,تَكْتُبْ,تَكْتُبْ,NORMALIZED,,N12,,,,,aslot/axis1/0:48:2,aslot/axis0/0:48:2
0,48,3,أَكْتُبْ,أَكْتُبْ,NORMALIZED,,N10|N12,,,,,aslot/axis1/0:48:3,aslot/axis0/0:48:3
0,49,1,مَهْمَا,مَهْمَاْ,NORMALIZED,,N12,,,,,aslot/axis1/0:49:1,aslot/axis0/0:49:1
0,49,2,تَكْتُبْ,تَكْتُبْ,NORMALIZED,,N12,,,,,aslot/axis1/0:49:2,aslot/axis0/0:49:2
0,49,3,أَكْتُبْ,أَكْتُبْ,NORMALIZED,,N10|N12,,,,,aslot/axis1/0:49:3,aslot/axis0/0:49:3
0,50,1,أَيْنَمَا,أَيْنَمَاْ,NORMALIZED,,N10|N12,,,,,aslot/axis1/0:50:1,aslot/axis0/0:50:1
0,50,2,تَنْزِلْ,تَنْزِلْ,NORMALIZED,,N12,,,,,aslot/axis1/0:50:2,aslot/axis0/0:50:2
0,50,3,أَنْزِلْ,أَنْزِلْ,NORMALIZED,,N10|N12,,,,,aslot/axis1/0:50:3,aslot/axis0/0:50:3
0,51,1,أَنَّى,أَنْنَاْ,NORMALIZED_OWNER_DECISION_REQUIRED,U_ALIF_MAQSURA,N10|N2|N12,,,,,aslot/axis1/0:51:1,aslot/axis0/0:51:1
0,51,2,تَسْتَقِمْ,تَسْتَقِمْ,NORMALIZED,,N12,,,,,aslot/axis1/0:51:2,aslot/axis0/0:51:2
0,51,3,تَرْبَحْ,تَرْبَحْ,NORMALIZED,,N12,,,,,aslot/axis1/0:51:3,aslot/axis0/0:51:3
0,52,1,حَيْثُمَا,حَيْثُمَاْ,NORMALIZED,,N12,,,,,aslot/axis1/0:52:1,aslot/axis0/0:52:1
0,52,2,تَسْتَقِمْ,تَسْتَقِمْ,NORMALIZED,,N12,,,,,aslot/axis1/0:52:2,aslot/axis0/0:52:2
0,52,3,يَقْدَرْ,يَقْدَرْ,NORMALIZED,,N12,,,,,aslot/axis1/0:52:3,aslot/axis0/0:52:3
0,52,4,لَكَ,لَكَ,NORMALIZED,,,,,,,aslot/axis1/0:52:4,aslot/axis0/0:52:4
0,52,5,اللَّهُ,اللَّهُ,EXCLUDED_LAFZ_AL_JALALAH,,N0.J,,,اللَّهُ,,aslot/axis1/0:52:5,aslot/axis0/0:52:5
0,52,6,نَجَاحًا,نَجَاْحَنْاْ,NORMALIZED_OWNER_DECISION_REQUIRED,U_TANWEEN|U_UNVOCALIZED_CARRIER,N12,,,,,aslot/axis1/0:52:6,aslot/axis0/0:52:6
0,53,1,إِذْمَا,إِذْمَاْ,NORMALIZED,,N10|N12,,,,,aslot/axis1/0:53:1,aslot/axis0/0:53:1
0,53,2,تَذْهَبْ,تَذْهَبْ,NORMALIZED,,N12,,,,,aslot/axis1/0:53:2,aslot/axis0/0:53:2
0,53,3,أَذْهَبْ,أَذْهَبْ,NORMALIZED,,N10|N12,,,,,aslot/axis1/0:53:3,aslot/axis0/0:53:3
0,54,1,لَوْ,لَوْ,NORMALIZED,,N12,,,,,aslot/axis1/0:54:1,aslot/axis0/0:54:1
0,54,2,تَقَدَّمْ,تَقَدْدَمْ,NORMALIZED,,N2|N12,,,,,aslot/axis1/0:54:2,aslot/axis0/0:54:2
0,54,3,تَنْجَحْ,تَنْجَحْ,NORMALIZED,,N12,,,,,aslot/axis1/0:54:3,aslot/axis0/0:54:3
0,55,1,إِذَا,إِذَاْ,NORMALIZED,,N10|N12,,,,,aslot/axis1/0:55:1,aslot/axis0/0:55:1
0,55,2,تَتَعَلَّمْ,تَتَعَلْلَمْ,NORMALIZED,,N2|N12,,,,,aslot/axis1/0:55:2,aslot/axis0/0:55:2
0,55,3,تُفْلِحْ,تُفْلِحْ,NORMALIZED,,N12,,,,,aslot/axis1/0:55:3,aslot/axis0/0:55:3
0,56,1,رَأَيْتُ,رَأَيْتُ,NORMALIZED,,N10|N12,,,,,aslot/axis1/0:56:1,aslot/axis0/0:56:1
0,56,2,أَحَدَ,أَحَدَ,NORMALIZED,,N10,,,,,aslot/axis1/0:56:2,aslot/axis0/0:56:2
0,56,3,عَشَرَ,عَشَرَ,NORMALIZED,,,,,,,aslot/axis1/0:56:3,aslot/axis0/0:56:3
0,56,4,كَوْكَبًا,كَوْكَبَنْاْ,NORMALIZED_OWNER_DECISION_REQUIRED,U_TANWEEN|U_UNVOCALIZED_CARRIER,N12,,,,,aslot/axis1/0:56:4,aslot/axis0/0:56:4
0,57,1,كَمْ,كَمْ,NORMALIZED,,N12,,,,,aslot/axis1/0:57:1,aslot/axis0/0:57:1
0,57,2,دَارًا,دَاْرَنْاْ,NORMALIZED_OWNER_DECISION_REQUIRED,U_TANWEEN|U_UNVOCALIZED_CARRIER,N12,,,,,aslot/axis1/0:57:2,aslot/axis0/0:57:2
0,57,3,بَنَيْتَ؟,,IGNORED_NON_WORD_TOKEN,,,NON_LETTER@8:'؟',,,,aslot/axis1/0:57:3,aslot/axis0/0:57:3
0,58,1,كَأَيْنَ,كَأَيْنَ,NORMALIZED,,N10|N12,,,,,aslot/axis1/0:58:1,aslot/axis0/0:58:1
0,58,2,عَبْدًا,عَبْدَنْاْ,NORMALIZED_OWNER_DECISION_REQUIRED,U_TANWEEN|U_UNVOCALIZED_CARRIER,N12,,,,,aslot/axis1/0:58:2,aslot/axis0/0:58:2
0,58,3,مَلَكْتَ,مَلَكْتَ,NORMALIZED,,N12,,,,,aslot/axis1/0:58:3,aslot/axis0/0:58:3
0,59,1,كَذَا,كَذَاْ,NORMALIZED,,N12,,,,,aslot/axis1/0:59:1,aslot/axis0/0:59:1
0,59,2,وَكَذَا,وَكَذَاْ,NORMALIZED,,N12,,,,,aslot/axis1/0:59:2,aslot/axis0/0:59:2
0,59,3,دِرْهَمًا,دِرْهَمَنْاْ,NORMALIZED_OWNER_DECISION_REQUIRED,U_TANWEEN|U_UNVOCALIZED_CARRIER,N12,,,,,aslot/axis1/0:59:3,aslot/axis0/0:59:3
0,59,4,مَلَكْتَ,مَلَكْتَ,NORMALIZED,,N12,,,,,aslot/axis1/0:59:4,aslot/axis0/0:59:4
0,60,1,جَاءَ,جَاْءَ,NORMALIZED,,N12,,,,,aslot/axis1/0:60:1,aslot/axis0/0:60:1
0,60,2,بِكَذَا,بِكَذَاْ,NORMALIZED,,N12,,,,,aslot/axis1/0:60:2,aslot/axis0/0:60:2
0,60,3,وَكَذَا,وَكَذَاْ,NORMALIZED,,N12,,,,,aslot/axis1/0:60:3,aslot/axis0/0:60:3
0,61,1,مَلَكْتَ,مَلَكْتَ,NORMALIZED,,N12,,,,,aslot/axis1/0:61:1,aslot/axis0/0:61:1
0,61,2,مِائَةَ,مِاْئَةَ,NORMALIZED_OWNER_DECISION_REQUIRED,U_UNVOCALIZED_CARRIER,N10,,,,,aslot/axis1/0:61:2,aslot/axis0/0:61:2
0,61,3,دِرْهَمٍ,دِرْهَمِنْ,NORMALIZED_OWNER_DECISION_REQUIRED,U_TANWEEN,N12,,,,,aslot/axis1/0:61:3,aslot/axis0/0:61:3
0,62,1,رَأَيْتُ,رَأَيْتُ,NORMALIZED,,N10|N12,,,,,aslot/axis1/0:62:1,aslot/axis0/0:62:1
0,62,2,أَلْفَ,أَلْفَ,NORMALIZED,,N10|N12,,,,,aslot/axis1/0:62:2,aslot/axis0/0:62:2
0,62,3,رَجُلٍ,رَجُلِنْ,NORMALIZED_OWNER_DECISION_REQUIRED,U_TANWEEN,,,,,,aslot/axis1/0:62:3,aslot/axis0/0:62:3
0,63,1,مَلَكْتَ,مَلَكْتَ,NORMALIZED,,N12,,,,,aslot/axis1/0:63:1,aslot/axis0/0:63:1
0,63,2,أَلْوَفَ,أَلْوَفَ,NORMALIZED,,N10|N12,,,,,aslot/axis1/0:63:2,aslot/axis0/0:63:2
0,63,3,دَرَاهِمَ,دَرَاْهِمَ,NORMALIZED,,N12,,,,,aslot/axis1/0:63:3,aslot/axis0/0:63:3
0,64,1,جَمَعْتُ,جَمَعْتُ,NORMALIZED,,N12,,,,,aslot/axis1/0:64:1,aslot/axis0/0:64:1
0,64,2,مَلَايِينَ,مَلَاْيِيْنَ,NORMALIZED,,N12,,,,,aslot/axis1/0:64:2,aslot/axis0/0:64:2
0,64,3,دِرْهَمٍ,دِرْهَمِنْ,NORMALIZED_OWNER_DECISION_REQUIRED,U_TANWEEN,N12,,,,,aslot/axis1/0:64:3,aslot/axis0/0:64:3
0,65,1,أَيَّةَ,أَيْيَةَ,NORMALIZED,,N10|N2,,,,,aslot/axis1/0:65:1,aslot/axis0/0:65:1
0,65,2,كِتَابًا,كِتَاْبَنْاْ,NORMALIZED_OWNER_DECISION_REQUIRED,U_TANWEEN|U_UNVOCALIZED_CARRIER,N12,,,,,aslot/axis1/0:65:2,aslot/axis0/0:65:2
0,65,3,قَرَأْتَ؟,,IGNORED_NON_WORD_TOKEN,,,NON_LETTER@8:'؟',,,,aslot/axis1/0:65:3,aslot/axis0/0:65:3
0,66,1,كَيْتَ,كَيْتَ,NORMALIZED,,N12,,,,,aslot/axis1/0:66:1,aslot/axis0/0:66:1
0,66,2,مَالًا,مَاْلَنْاْ,NORMALIZED_OWNER_DECISION_REQUIRED,U_TANWEEN|U_UNVOCALIZED_CARRIER,N12,,,,,aslot/axis1/0:66:2,aslot/axis0/0:66:2
0,66,3,جَمَعْتَ؟,,IGNORED_NON_WORD_TOKEN,,,NON_LETTER@8:'؟',,,,aslot/axis1/0:66:3,aslot/axis0/0:66:3
0,67,1,جَاءَ,جَاْءَ,NORMALIZED,,N12,,,,,aslot/axis1/0:67:1,aslot/axis0/0:67:1
0,67,2,ذُو,ذُوْ,NORMALIZED,,N12,,,,,aslot/axis1/0:67:2,aslot/axis0/0:67:2
0,67,3,مَالٍ,مَاْلِنْ,NORMALIZED_OWNER_DECISION_REQUIRED,U_TANWEEN,N12,,,,,aslot/axis1/0:67:3,aslot/axis0/0:67:3
0,67,4,كَثِيرٍ,كَثِيْرِنْ,NORMALIZED_OWNER_DECISION_REQUIRED,U_TANWEEN,N12,,,,,aslot/axis1/0:67:4,aslot/axis0/0:67:4
0,68,1,يَا,يَاْ,NORMALIZED,,N12,,,,,aslot/axis1/0:68:1,aslot/axis0/0:68:1
0,68,2,رَيْحَانُ,رَيْحَاْنُ,NORMALIZED,,N12,,,,,aslot/axis1/0:68:2,aslot/axis0/0:68:2
0,68,3,رُوَيْدَ,رُوَيْدَ,NORMALIZED,,N12,,,,,aslot/axis1/0:68:3,aslot/axis0/0:68:3
0,68,4,زَيْدًا,زَيْدَنْاْ,NORMALIZED_OWNER_DECISION_REQUIRED,U_TANWEEN|U_UNVOCALIZED_CARRIER,N12,,,,,aslot/axis1/0:68:4,aslot/axis0/0:68:4
0,69,1,يَا,يَاْ,NORMALIZED,,N12,,,,,aslot/axis1/0:69:1,aslot/axis0/0:69:1
0,69,2,وَلَدَانِ,وَلَدَاْنِ,NORMALIZED,,N12,,,,,aslot/axis1/0:69:2,aslot/axis0/0:69:2
0,69,3,بَلْهَ,بَلْهَ,NORMALIZED,,N12,,,,,aslot/axis1/0:69:3,aslot/axis0/0:69:3
0,69,4,بَسِيطًا,بَسِيْطَنْاْ,NORMALIZED_OWNER_DECISION_REQUIRED,U_TANWEEN|U_UNVOCALIZED_CARRIER,N12,,,,,aslot/axis1/0:69:4,aslot/axis0/0:69:4
0,70,1,يَا,يَاْ,NORMALIZED,,N12,,,,,aslot/axis1/0:70:1,aslot/axis0/0:70:1
0,70,2,بَسِيطُ,بَسِيْطُ,NORMALIZED,,N12,,,,,aslot/axis1/0:70:2,aslot/axis0/0:70:2
0,70,3,دُونَكَ,دُوْنَكَ,NORMALIZED,,N12,,,,,aslot/axis1/0:70:3,aslot/axis0/0:70:3
0,70,4,الْكِتَابَ,ءَلْكِتَاْبَ,NORMALIZED,,N7.1|N10|N12,,,,4,aslot/axis1/0:70:4,aslot/axis0/0:70:4
0,71,1,يَا,يَاْ,NORMALIZED,,N12,,,,,aslot/axis1/0:71:1,aslot/axis0/0:71:1
0,71,2,رَيْحَانُ,رَيْحَاْنُ,NORMALIZED,,N12,,,,,aslot/axis1/0:71:2,aslot/axis0/0:71:2
0,71,3,عَلَيْكَ,عَلَيْكَ,NORMALIZED,,N12,,,,,aslot/axis1/0:71:3,aslot/axis0/0:71:3
0,71,4,مُهْتَدِيًا,مُهْتَدِيَنْاْ,NORMALIZED_OWNER_DECISION_REQUIRED,U_TANWEEN|U_UNVOCALIZED_CARRIER,N12,,,,,aslot/axis1/0:71:4,aslot/axis0/0:71:4
0,72,1,يَا,يَاْ,NORMALIZED,,N12,,,,,aslot/axis1/0:72:1,aslot/axis0/0:72:1
0,72,2,سَرْمِينُ,سَرْمِيْنُ,NORMALIZED,,N12,,,,,aslot/axis1/0:72:2,aslot/axis0/0:72:2
0,72,3,هَاءَ,هَاْءَ,NORMALIZED,,N12,,,,,aslot/axis1/0:72:3,aslot/axis0/0:72:3
0,72,4,دِرْهَمًا,دِرْهَمَنْاْ,NORMALIZED_OWNER_DECISION_REQUIRED,U_TANWEEN|U_UNVOCALIZED_CARRIER,N12,,,,,aslot/axis1/0:72:4,aslot/axis0/0:72:4
0,73,1,يَا,يَاْ,NORMALIZED,,N12,,,,,aslot/axis1/0:73:1,aslot/axis0/0:73:1
0,73,2,وَلَدَانِ,وَلَدَاْنِ,NORMALIZED,,N12,,,,,aslot/axis1/0:73:2,aslot/axis0/0:73:2
0,73,3,حَيَّهَلِ,حَيْيَهَلِ,NORMALIZED,,N2,,,,,aslot/axis1/0:73:3,aslot/axis0/0:73:3
0,73,4,الْقَهْوَةَ,ءَلْقَهْوَةَ,NORMALIZED,,N7.1|N10|N12,,,,4,aslot/axis1/0:73:4,aslot/axis0/0:73:4
0,74,1,هَيْهَاتَ,هَيْهَاْتَ,NORMALIZED,,N12,,,,,aslot/axis1/0:74:1,aslot/axis0/0:74:1
0,74,2,الْعَقِيقُ,ءَلْعَقِيْقُ,NORMALIZED,,N7.1|N10|N12,,,,4,aslot/axis1/0:74:2,aslot/axis0/0:74:2
0,75,1,شَتَّانَ,شَتْتَاْنَ,NORMALIZED,,N2|N12,,,,,aslot/axis1/0:75:1,aslot/axis0/0:75:1
0,75,2,سَرْمِينُ,سَرْمِيْنُ,NORMALIZED,,N12,,,,,aslot/axis1/0:75:2,aslot/axis0/0:75:2
0,75,3,وَبَسِيطٌ,وَبَسِيْطُنْ,NORMALIZED_OWNER_DECISION_REQUIRED,U_TANWEEN,N12,,,,,aslot/axis1/0:75:3,aslot/axis0/0:75:3
0,76,1,سُرْعَانَ,سُرْعَاْنَ,NORMALIZED,,N12,,,,,aslot/axis1/0:76:1,aslot/axis0/0:76:1
0,76,2,زَيْدٌ,زَيْدُنْ,NORMALIZED_OWNER_DECISION_REQUIRED,U_TANWEEN,N12,,,,,aslot/axis1/0:76:2,aslot/axis0/0:76:2
0,76,3,خُرُوجًا,خُرُوْجَنْاْ,NORMALIZED_OWNER_DECISION_REQUIRED,U_TANWEEN|U_UNVOCALIZED_CARRIER,N12,,,,,aslot/axis1/0:76:3,aslot/axis0/0:76:3
0,77,1,كَانَ,كَاْنَ,NORMALIZED,,N12,,,,,aslot/axis1/0:77:1,aslot/axis0/0:77:1
0,77,2,الْعَالِمُ,ءَلْعَاْلِمُ,NORMALIZED,,N7.1|N10|N12,,,,4,aslot/axis1/0:77:2,aslot/axis0/0:77:2
0,77,3,طَالِبًا,طَاْلِبَنْاْ,NORMALIZED_OWNER_DECISION_REQUIRED,U_TANWEEN|U_UNVOCALIZED_CARRIER,N12,,,,,aslot/axis1/0:77:3,aslot/axis0/0:77:3
0,78,1,صَارَ,صَاْرَ,NORMALIZED,,N12,,,,,aslot/axis1/0:78:1,aslot/axis0/0:78:1
0,78,2,الْحَدِيدُ,ءَلْحَدِيْدُ,NORMALIZED,,N7.1|N10|N12,,,,4,aslot/axis1/0:78:2,aslot/axis0/0:78:2
0,78,3,سَيْفًا,سَيْفَنْاْ,NORMALIZED_OWNER_DECISION_REQUIRED,U_TANWEEN|U_UNVOCALIZED_CARRIER,N12,,,,,aslot/axis1/0:78:3,aslot/axis0/0:78:3
0,79,1,أَصْبَحَ,أَصْبَحَ,NORMALIZED,,N10|N12,,,,,aslot/axis1/0:79:1,aslot/axis0/0:79:1
0,79,2,الْبَرْدُ,ءَلْبَرْدُ,NORMALIZED,,N7.1|N10|N12,,,,4,aslot/axis1/0:79:2,aslot/axis0/0:79:2
0,79,3,شَدِيدًا,شَدِيْدَنْاْ,NORMALIZED_OWNER_DECISION_REQUIRED,U_TANWEEN|U_UNVOCALIZED_CARRIER,N12,,,,,aslot/axis1/0:79:3,aslot/axis0/0:79:3
0,80,1,أَمْسَى,أَمْسَاْ,NORMALIZED_OWNER_DECISION_REQUIRED,U_ALIF_MAQSURA,N10|N12,,,,,aslot/axis1/0:80:1,aslot/axis0/0:80:1
0,80,2,الْفَلَّاحُ,ءَلْفَلْلَاْحُ,NORMALIZED,,N7.1|N10|N12|N2,,,,4,aslot/axis1/0:80:2,aslot/axis0/0:80:2
0,80,3,رَاجِعًا,رَاْجِعَنْاْ,NORMALIZED_OWNER_DECISION_REQUIRED,U_TANWEEN|U_UNVOCALIZED_CARRIER,N12,,,,,aslot/axis1/0:80:3,aslot/axis0/0:80:3
0,81,1,أَضْحَى,أَضْحَاْ,NORMALIZED_OWNER_DECISION_REQUIRED,U_ALIF_MAQSURA,N10|N12,,,,,aslot/axis1/0:81:1,aslot/axis0/0:81:1
0,81,2,الطَّالِبُ,ءَطْطَاْلِبُ,NORMALIZED,,N7.1|N10|N9|N2|N12,,,,2,aslot/axis1/0:81:2,aslot/axis0/0:81:2
0,81,3,مُصَلِّيًا,مُصَلْلِيَنْاْ,NORMALIZED_OWNER_DECISION_REQUIRED,U_TANWEEN|U_UNVOCALIZED_CARRIER,N2,,,,,aslot/axis1/0:81:3,aslot/axis0/0:81:3
0,82,1,ظَلَّ,ظَلْلَ,NORMALIZED,,N2,,,,,aslot/axis1/0:82:1,aslot/axis0/0:82:1
0,82,2,بَسِيطٌ,بَسِيْطُنْ,NORMALIZED_OWNER_DECISION_REQUIRED,U_TANWEEN,N12,,,,,aslot/axis1/0:82:2,aslot/axis0/0:82:2
0,82,3,صَائِمًا,صَاْئِمَنْاْ,NORMALIZED_OWNER_DECISION_REQUIRED,U_TANWEEN|U_UNVOCALIZED_CARRIER,N12|N10,,,,,aslot/axis1/0:82:3,aslot/axis0/0:82:3
0,83,1,بَاتَ,بَاْتَ,NORMALIZED,,N12,,,,,aslot/axis1/0:83:1,aslot/axis0/0:83:1
0,83,2,الطَّالِبُ,ءَطْطَاْلِبُ,NORMALIZED,,N7.1|N10|N9|N2|N12,,,,2,aslot/axis1/0:83:2,aslot/axis0/0:83:2
0,83,3,مُتَدَرِّسًا,مُتَدَرْرِسَنْاْ,NORMALIZED_OWNER_DECISION_REQUIRED,U_TANWEEN|U_UNVOCALIZED_CARRIER,N2,,,,,aslot/axis1/0:83:3,aslot/axis0/0:83:3
0,84,1,مَا,مَاْ,NORMALIZED,,N12,,,,,aslot/axis1/0:84:1,aslot/axis0/0:84:1
0,84,2,زَالَ,زَاْلَ,NORMALIZED,,N12,,,,,aslot/axis1/0:84:2,aslot/axis0/0:84:2
0,84,3,زَيْدٌ,زَيْدُنْ,NORMALIZED_OWNER_DECISION_REQUIRED,U_TANWEEN,N12,,,,,aslot/axis1/0:84:3,aslot/axis0/0:84:3
0,84,4,مُنْفَرِدًا,مُنْفَرِدَنْاْ,NORMALIZED_OWNER_DECISION_REQUIRED,U_TANWEEN|U_UNVOCALIZED_CARRIER,N12,,,,,aslot/axis1/0:84:4,aslot/axis0/0:84:4
0,85,1,مَا,مَاْ,NORMALIZED,,N12,,,,,aslot/axis1/0:85:1,aslot/axis0/0:85:1
0,85,2,بَرِحَ,بَرِحَ,NORMALIZED,,,,,,,aslot/axis1/0:85:2,aslot/axis0/0:85:2
0,85,3,الْجَهْلُ,ءَلْجَهْلُ,NORMALIZED,,N7.1|N10|N12,,,,4,aslot/axis1/0:85:3,aslot/axis0/0:85:3
0,85,4,مُضِرًّا,مُضِرْرَنْاْ,NORMALIZED_OWNER_DECISION_REQUIRED,U_TANWEEN|U_UNVOCALIZED_CARRIER,N2,,,,,aslot/axis1/0:85:4,aslot/axis0/0:85:4
0,86,1,مَا,مَاْ,NORMALIZED,,N12,,,,,aslot/axis1/0:86:1,aslot/axis0/0:86:1
0,86,2,فَتِئَ,فَتِئَ,NORMALIZED,,N10,,,,,aslot/axis1/0:86:2,aslot/axis0/0:86:2
0,86,3,سَرْمِينُ,سَرْمِيْنُ,NORMALIZED,,N12,,,,,aslot/axis1/0:86:3,aslot/axis0/0:86:3
0,86,4,مُتَبَسِّمًا,مُتَبَسْسِمَنْاْ,NORMALIZED_OWNER_DECISION_REQUIRED,U_TANWEEN|U_UNVOCALIZED_CARRIER,N2,,,,,aslot/axis1/0:86:4,aslot/axis0/0:86:4
0,87,1,مَا,مَاْ,NORMALIZED,,N12,,,,,aslot/axis1/0:87:1,aslot/axis0/0:87:1
0,87,2,انْفَكَّ,ءَنْفَكْكَ,NORMALIZED,,N7|N7.3:INOPERATIVE|N12|N2,,,,,aslot/axis1/0:87:2,aslot/axis0/0:87:2
0,87,3,هَاشِمٌ,هَاْشِمُنْ,NORMALIZED_OWNER_DECISION_REQUIRED,U_TANWEEN,N12,,,,,aslot/axis1/0:87:3,aslot/axis0/0:87:3
0,87,4,عَالِمًا,عَاْلِمَنْاْ,NORMALIZED_OWNER_DECISION_REQUIRED,U_TANWEEN|U_UNVOCALIZED_CARRIER,N12,,,,,aslot/axis1/0:87:4,aslot/axis0/0:87:4
0,88,1,مَا,مَاْ,NORMALIZED,,N12,,,,,aslot/axis1/0:88:1,aslot/axis0/0:88:1
0,88,2,دَامَ,دَاْمَ,NORMALIZED,,N12,,,,,aslot/axis1/0:88:2,aslot/axis0/0:88:2
0,88,3,الْفَاسِقُ,ءَلْفَاْسِقُ,NORMALIZED,,N7.1|N10|N12,,,,4,aslot/axis1/0:88:3,aslot/axis0/0:88:3
0,88,4,مُتَرَدِّدًا,مُتَرَدْدِدَنْاْ,NORMALIZED_OWNER_DECISION_REQUIRED,U_TANWEEN|U_UNVOCALIZED_CARRIER,N2,,,,,aslot/axis1/0:88:4,aslot/axis0/0:88:4
0,89,1,لَيْسَ,لَيْسَ,NORMALIZED,,N12,,,,,aslot/axis1/0:89:1,aslot/axis0/0:89:1
0,89,2,زَيْدٌ,زَيْدُنْ,NORMALIZED_OWNER_DECISION_REQUIRED,U_TANWEEN,N12,,,,,aslot/axis1/0:89:2,aslot/axis0/0:89:2
0,89,3,حَاضِرًا,حَاْضِرَنْاْ,NORMALIZED_OWNER_DECISION_REQUIRED,U_TANWEEN|U_UNVOCALIZED_CARRIER,N12,,,,,aslot/axis1/0:89:3,aslot/axis0/0:89:3
0,90,1,عَسَى,عَسَاْ,NORMALIZED_OWNER_DECISION_REQUIRED,U_ALIF_MAQSURA,N12,,,,,aslot/axis1/0:90:1,aslot/axis0/0:90:1
0,90,2,زَيْدٌ,زَيْدُنْ,NORMALIZED_OWNER_DECISION_REQUIRED,U_TANWEEN,N12,,,,,aslot/axis1/0:90:2,aslot/axis0/0:90:2
0,90,3,أَنْ,أَنْ,NORMALIZED,,N10|N12,,,,,aslot/axis1/0:90:3,aslot/axis0/0:90:3
0,90,4,يَحْضُرَ,يَحْضُرَ,NORMALIZED,,N12,,,,,aslot/axis1/0:90:4,aslot/axis0/0:90:4
0,91,1,كَادَ,كَاْدَ,NORMALIZED,,N12,,,,,aslot/axis1/0:91:1,aslot/axis0/0:91:1
0,91,2,زَيْدٌ,زَيْدُنْ,NORMALIZED_OWNER_DECISION_REQUIRED,U_TANWEEN,N12,,,,,aslot/axis1/0:91:2,aslot/axis0/0:91:2
0,91,3,يَقُومُ,يَقُوْمُ,NORMALIZED,,N12,,,,,aslot/axis1/0:91:3,aslot/axis0/0:91:3
0,92,1,كَرُبَ,كَرُبَ,NORMALIZED,,,,,,,aslot/axis1/0:92:1,aslot/axis0/0:92:1
0,92,2,الْقَلْبُ,ءَلْقَلْبُ,NORMALIZED,,N7.1|N10|N12,,,,4,aslot/axis1/0:92:2,aslot/axis0/0:92:2
0,92,3,يَذُوبُ,يَذُوْبُ,NORMALIZED,,N12,,,,,aslot/axis1/0:92:3,aslot/axis0/0:92:3
0,93,1,أَوْشَكَ,أَوْشَكَ,NORMALIZED,,N10|N12,,,,,aslot/axis1/0:93:1,aslot/axis0/0:93:1
0,93,2,زَيْدٌ,زَيْدُنْ,NORMALIZED_OWNER_DECISION_REQUIRED,U_TANWEEN,N12,,,,,aslot/axis1/0:93:2,aslot/axis0/0:93:2
0,93,3,أَنْ,أَنْ,NORMALIZED,,N10|N12,,,,,aslot/axis1/0:93:3,aslot/axis0/0:93:3
0,93,4,يَقُومَ,يَقُوْمَ,NORMALIZED,,N12,,,,,aslot/axis1/0:93:4,aslot/axis0/0:93:4
0,94,1,نِعْمَ,نِعْمَ,NORMALIZED,,N12,,,,,aslot/axis1/0:94:1,aslot/axis0/0:94:1
0,94,2,الرَّجُلُ,ءَرْرَجُلُ,NORMALIZED,,N7.1|N10|N9|N2,,,,2,aslot/axis1/0:94:2,aslot/axis0/0:94:2
0,94,3,مُحَمَّدٌ,مُحَمْمَدُنْ,NORMALIZED_OWNER_DECISION_REQUIRED,U_TANWEEN,N2,,,,,aslot/axis1/0:94:3,aslot/axis0/0:94:3
0,95,1,بِئْسَ,بِئْسَ,NORMALIZED,,N10|N12,,,,,aslot/axis1/0:95:1,aslot/axis0/0:95:1
0,95,2,الطَّالِبُ,ءَطْطَاْلِبُ,NORMALIZED,,N7.1|N10|N9|N2|N12,,,,2,aslot/axis1/0:95:2,aslot/axis0/0:95:2
0,95,3,النَّوَّامُ,ءَنْنَوْوَاْمُ,NORMALIZED,,N7.1|N10|N9|N2|N12,,,,2,aslot/axis1/0:95:3,aslot/axis0/0:95:3
0,96,1,سَاءَ,سَاْءَ,NORMALIZED,,N12,,,,,aslot/axis1/0:96:1,aslot/axis0/0:96:1
0,96,2,الطَّالِبُ,ءَطْطَاْلِبُ,NORMALIZED,,N7.1|N10|N9|N2|N12,,,,2,aslot/axis1/0:96:2,aslot/axis0/0:96:2
0,96,3,الْكَسُولُ,ءَلْكَسُوْلُ,NORMALIZED,,N7.1|N10|N12,,,,4,aslot/axis1/0:96:3,aslot/axis0/0:96:3
0,97,1,حَبَّذَا,حَبْبَذَاْ,NORMALIZED,,N2|N12,,,,,aslot/axis1/0:97:1,aslot/axis0/0:97:1
0,97,2,زَيْدٌ,زَيْدُنْ,NORMALIZED_OWNER_DECISION_REQUIRED,U_TANWEEN,N12,,,,,aslot/axis1/0:97:2,aslot/axis0/0:97:2
0,98,1,حَسِبْتُ,حَسِبْتُ,NORMALIZED,,N12,,,,,aslot/axis1/0:98:1,aslot/axis0/0:98:1
0,98,2,زَيْدًا,زَيْدَنْاْ,NORMALIZED_OWNER_DECISION_REQUIRED,U_TANWEEN|U_UNVOCALIZED_CARRIER,N12,,,,,aslot/axis1/0:98:2,aslot/axis0/0:98:2
0,98,3,حَاضِرًا,حَاْضِرَنْاْ,NORMALIZED_OWNER_DECISION_REQUIRED,U_TANWEEN|U_UNVOCALIZED_CARRIER,N12,,,,,aslot/axis1/0:98:3,aslot/axis0/0:98:3
0,99,1,خِلْتُ,خِلْتُ,NORMALIZED,,N12,,,,,aslot/axis1/0:99:1,aslot/axis0/0:99:1
0,99,2,الْهِلَالَ,ءَلْهِلَاْلَ,NORMALIZED,,N7.1|N10|N12,,,,4,aslot/axis1/0:99:2,aslot/axis0/0:99:2
0,99,3,لَائِحًا,لَاْئِحَنْاْ,NORMALIZED_OWNER_DECISION_REQUIRED,U_TANWEEN|U_UNVOCALIZED_CARRIER,N12|N10,,,,,aslot/axis1/0:99:3,aslot/axis0/0:99:3
0,100,1,ظَنَنْتُ,ظَنَنْتُ,NORMALIZED,,N12,,,,,aslot/axis1/0:100:1,aslot/axis0/0:100:1
0,100,2,زَيْدًا,زَيْدَنْاْ,NORMALIZED_OWNER_DECISION_REQUIRED,U_TANWEEN|U_UNVOCALIZED_CARRIER,N12,,,,,aslot/axis1/0:100:2,aslot/axis0/0:100:2
0,100,3,قَائِمًا,قَاْئِمَنْاْ,NORMALIZED_OWNER_DECISION_REQUIRED,U_TANWEEN|U_UNVOCALIZED_CARRIER,N12|N10,,,,,aslot/axis1/0:100:3,aslot/axis0/0:100:3
0,101,1,رَأَيْتُ,رَأَيْتُ,NORMALIZED,,N10|N12,,,,,aslot/axis1/0:101:1,aslot/axis0/0:101:1
0,101,2,الطَّالِبَ,ءَطْطَاْلِبَ,NORMALIZED,,N7.1|N10|N9|N2|N12,,,,2,aslot/axis1/0:101:2,aslot/axis0/0:101:2
0,101,3,نَاجِحًا,نَاْجِحَنْاْ,NORMALIZED_OWNER_DECISION_REQUIRED,U_TANWEEN|U_UNVOCALIZED_CARRIER,N12,,,,,aslot/axis1/0:101:3,aslot/axis0/0:101:3
0,102,1,عَلِمْتُ,عَلِمْتُ,NORMALIZED,,N12,,,,,aslot/axis1/0:102:1,aslot/axis0/0:102:1
0,102,2,الزَّاهِدَ,ءَزْزَاْهِدَ,NORMALIZED,,N7.1|N10|N9|N2|N12,,,,2,aslot/axis1/0:102:2,aslot/axis0/0:102:2
0,102,3,مَرْزُوقًا,مَرْزُوْقَنْاْ,NORMALIZED_OWNER_DECISION_REQUIRED,U_TANWEEN|U_UNVOCALIZED_CARRIER,N12,,,,,aslot/axis1/0:102:3,aslot/axis0/0:102:3
0,103,1,وَجَدْتُ,وَجَدْتُ,NORMALIZED,,N12,,,,,aslot/axis1/0:103:1,aslot/axis0/0:103:1
0,103,2,الْعِلْمَ,ءَلْعِلْمَ,NORMALIZED,,N7.1|N10|N12,,,,4,aslot/axis1/0:103:2,aslot/axis0/0:103:2
0,103,3,نَافِعًا,نَاْفِعَنْاْ,NORMALIZED_OWNER_DECISION_REQUIRED,U_TANWEEN|U_UNVOCALIZED_CARRIER,N12,,,,,aslot/axis1/0:103:3,aslot/axis0/0:103:3
0,104,1,زَعَمْتُ,زَعَمْتُ,NORMALIZED,,N12,,,,,aslot/axis1/0:104:1,aslot/axis0/0:104:1
0,104,2,زَيْدًا,زَيْدَنْاْ,NORMALIZED_OWNER_DECISION_REQUIRED,U_TANWEEN|U_UNVOCALIZED_CARRIER,N12,,,,,aslot/axis1/0:104:2,aslot/axis0/0:104:2
0,104,3,عَالِمًا,عَاْلِمَنْاْ,NORMALIZED_OWNER_DECISION_REQUIRED,U_TANWEEN|U_UNVOCALIZED_CARRIER,N12,,,,,aslot/axis1/0:104:3,aslot/axis0/0:104:3
0,105,1,لَوْلَا,لَوْلَاْ,NORMALIZED,,N12,,,,,aslot/axis1/0:105:1,aslot/axis0/0:105:1
0,105,2,زَيْدٌ,زَيْدُنْ,NORMALIZED_OWNER_DECISION_REQUIRED,U_TANWEEN,N12,,,,,aslot/axis1/0:105:2,aslot/axis0/0:105:2
0,105,3,لَهَلَكْتُ,لَهَلَكْتُ,NORMALIZED,,N12,,,,,aslot/axis1/0:105:3,aslot/axis0/0:105:3
0,106,1,لَوْمَا,لَوْمَاْ,NORMALIZED,,N12,,,,,aslot/axis1/0:106:1,aslot/axis0/0:106:1
0,106,2,زَيْدٌ,زَيْدُنْ,NORMALIZED_OWNER_DECISION_REQUIRED,U_TANWEEN,N12,,,,,aslot/axis1/0:106:2,aslot/axis0/0:106:2
0,106,3,لَهَلَكْتُ,لَهَلَكْتُ,NORMALIZED,,N12,,,,,aslot/axis1/0:106:3,aslot/axis0/0:106:3
0,107,1,لَومَا,لَوْمَاْ,NORMALIZED,,N12,,,,,aslot/axis1/0:107:1,aslot/axis0/0:107:1
0,107,2,زَيْدٌ,زَيْدُنْ,NORMALIZED_OWNER_DECISION_REQUIRED,U_TANWEEN,N12,,,,,aslot/axis1/0:107:2,aslot/axis0/0:107:2
0,108,1,أَمَّا,أَمْمَاْ,NORMALIZED,,N10|N2|N12,,,,,aslot/axis1/0:108:1,aslot/axis0/0:108:1
0,108,2,زَيْدٌ,زَيْدُنْ,NORMALIZED_OWNER_DECISION_REQUIRED,U_TANWEEN,N12,,,,,aslot/axis1/0:108:2,aslot/axis0/0:108:2
0,108,3,فَمُجْتَهِدٌ,فَمُجْتَهِدُنْ,NORMALIZED_OWNER_DECISION_REQUIRED,U_TANWEEN,N12,,,,,aslot/axis1/0:108:3,aslot/axis0/0:108:3
0,109,1,أَيْنَ,أَيْنَ,NORMALIZED,,N10|N12,,,,,aslot/axis1/0:109:1,aslot/axis0/0:109:1
0,109,2,تَذْهَبْ,تَذْهَبْ,NORMALIZED,,N12,,,,,aslot/axis1/0:109:2,aslot/axis0/0:109:2
0,109,3,أَذْهَبْ,أَذْهَبْ,NORMALIZED,,N10|N12,,,,,aslot/axis1/0:109:3,aslot/axis0/0:109:3
0,110,1,كَيْفَمَا,كَيْفَمَاْ,NORMALIZED,,N12,,,,,aslot/axis1/0:110:1,aslot/axis0/0:110:1
0,110,2,تَكُونُوا,تَكُوْنُوْ,NORMALIZED_OWNER_DECISION_REQUIRED,U_ALIF_FARIQA,N12,,,,10,aslot/axis1/0:110:2,aslot/axis0/0:110:2
0,110,3,يُوَلَّ,يُوَلْلَ,NORMALIZED,,N2,,,,,aslot/axis1/0:110:3,aslot/axis0/0:110:3
0,110,4,عَلَيْكُمْ,عَلَيْكُمْ,NORMALIZED,,N12,,,,,aslot/axis1/0:110:4,aslot/axis0/0:110:4
0,111,1,كُلَّمَا,كُلْلَمَاْ,NORMALIZED,,N2|N12,,,,,aslot/axis1/0:111:1,aslot/axis0/0:111:1
0,111,2,دَخَلَ,دَخَلَ,NORMALIZED,,,,,,,aslot/axis1/0:111:2,aslot/axis0/0:111:2
0,111,3,نَبِيٌّ,نَبِيْيُنْ,NORMALIZED_OWNER_DECISION_REQUIRED,U_TANWEEN,N2,,,,,aslot/axis1/0:111:3,aslot/axis0/0:111:3
0,111,4,نَصَرُوهُ,نَصَرُوْهُ,NORMALIZED,,N12,,,,,aslot/axis1/0:111:4,aslot/axis0/0:111:4
0,112,1,أَيَّ,أَيْيَ,NORMALIZED,,N10|N2,,,,,aslot/axis1/0:112:1,aslot/axis0/0:112:1
0,112,2,طَرِيقٍ,طَرِيْقِنْ,NORMALIZED_OWNER_DECISION_REQUIRED,U_TANWEEN,N12,,,,,aslot/axis1/0:112:2,aslot/axis0/0:112:2
0,112,3,تَسْلُكْ,تَسْلُكْ,NORMALIZED,,N12,,,,,aslot/axis1/0:112:3,aslot/axis0/0:112:3
0,112,4,أَسْلُكْ,أَسْلُكْ,NORMALIZED,,N10|N12,,,,,aslot/axis1/0:112:4,aslot/axis0/0:112:4
0,113,1,أَيُّ,أَيْيُ,NORMALIZED,,N10|N2,,,,,aslot/axis1/0:113:1,aslot/axis0/0:113:1
0,113,2,رَجُلٍ,رَجُلِنْ,NORMALIZED_OWNER_DECISION_REQUIRED,U_TANWEEN,,,,,,aslot/axis1/0:113:2,aslot/axis0/0:113:2
0,113,3,يَجِئْ,يَجِئْ,NORMALIZED,,N10|N12,,,,,aslot/axis1/0:113:3,aslot/axis0/0:113:3
0,113,4,يُكْرَمْ,يُكْرَمْ,NORMALIZED,,N12,,,,,aslot/axis1/0:113:4,aslot/axis0/0:113:4
0,114,1,دَخَلَ,دَخَلَ,NORMALIZED,,,,,,,aslot/axis1/0:114:1,aslot/axis0/0:114:1
0,114,2,زَيْدٌ,زَيْدُنْ,NORMALIZED_OWNER_DECISION_REQUIRED,U_TANWEEN,N12,,,,,aslot/axis1/0:114:2,aslot/axis0/0:114:2
0,114,3,فَعَمْرٌو,فَعَمْرُنْوْ,NORMALIZED_OWNER_DECISION_REQUIRED,U_TANWEEN|U_UNVOCALIZED_CARRIER,N12,,,,,aslot/axis1/0:114:3,aslot/axis0/0:114:3
0,115,1,سَافَرَ,سَاْفَرَ,NORMALIZED,,N12,,,,,aslot/axis1/0:115:1,aslot/axis0/0:115:1
0,115,2,زَيْدٌ,زَيْدُنْ,NORMALIZED_OWNER_DECISION_REQUIRED,U_TANWEEN,N12,,,,,aslot/axis1/0:115:2,aslot/axis0/0:115:2
0,115,3,ثُمَّ,ثُمْمَ,NORMALIZED,,N2,,,,,aslot/axis1/0:115:3,aslot/axis0/0:115:3
0,115,4,عَمْرٌو,عَمْرُنْوْ,NORMALIZED_OWNER_DECISION_REQUIRED,U_TANWEEN|U_UNVOCALIZED_CARRIER,N12,,,,,aslot/axis1/0:115:4,aslot/axis0/0:115:4
0,116,1,تَزَوَّجْ,تَزَوْوَجْ,NORMALIZED,,N2|N12,,,,,aslot/axis1/0:116:1,aslot/axis0/0:116:1
0,116,2,هِنْدًا,هِنْدَنْاْ,NORMALIZED_OWNER_DECISION_REQUIRED,U_TANWEEN|U_UNVOCALIZED_CARRIER,N12,,,,,aslot/axis1/0:116:2,aslot/axis0/0:116:2
0,116,3,أَوْ,أَوْ,NORMALIZED,,N10|N12,,,,,aslot/axis1/0:116:3,aslot/axis0/0:116:3
0,116,4,أُخْتَهَا,أُخْتَهَاْ,NORMALIZED,,N10|N12,,,,,aslot/axis1/0:116:4,aslot/axis0/0:116:4
0,117,1,جَاءَ,جَاْءَ,NORMALIZED,,N12,,,,,aslot/axis1/0:117:1,aslot/axis0/0:117:1
0,117,2,زَيْدٌ,زَيْدُنْ,NORMALIZED_OWNER_DECISION_REQUIRED,U_TANWEEN,N12,,,,,aslot/axis1/0:117:2,aslot/axis0/0:117:2
0,117,3,أَو,أَوْ,NORMALIZED,,N10|N12,,,,,aslot/axis1/0:117:3,aslot/axis0/0:117:3
0,117,4,عَمْرٌو,عَمْرُنْوْ,NORMALIZED_OWNER_DECISION_REQUIRED,U_TANWEEN|U_UNVOCALIZED_CARRIER,N12,,,,,aslot/axis1/0:117:4,aslot/axis0/0:117:4
0,118,1,أَزَيْدٌ,أَزَيْدُنْ,NORMALIZED_OWNER_DECISION_REQUIRED,U_TANWEEN,N10|N12,,,,,aslot/axis1/0:118:1,aslot/axis0/0:118:1
0,118,2,أَمْ,أَمْ,NORMALIZED,,N10|N12,,,,,aslot/axis1/0:118:2,aslot/axis0/0:118:2
0,118,3,عَمْرٌو,عَمْرُنْوْ,NORMALIZED_OWNER_DECISION_REQUIRED,U_TANWEEN|U_UNVOCALIZED_CARRIER,N12,,,,,aslot/axis1/0:118:3,aslot/axis0/0:118:3
0,119,1,جَاءَ,جَاْءَ,NORMALIZED,,N12,,,,,aslot/axis1/0:119:1,aslot/axis0/0:119:1
0,119,2,زَيْدٌ,زَيْدُنْ,NORMALIZED_OWNER_DECISION_REQUIRED,U_TANWEEN,N12,,,,,aslot/axis1/0:119:2,aslot/axis0/0:119:2
0,119,3,بَلْ,بَلْ,NORMALIZED,,N12,,,,,aslot/axis1/0:119:3,aslot/axis0/0:119:3
0,119,4,عَمْرٌو,عَمْرُنْوْ,NORMALIZED_OWNER_DECISION_REQUIRED,U_TANWEEN|U_UNVOCALIZED_CARRIER,N12,,,,,aslot/axis1/0:119:4,aslot/axis0/0:119:4
0,120,1,إِمَّا,إِمْمَاْ,NORMALIZED,,N10|N2|N12,,,,,aslot/axis1/0:120:1,aslot/axis0/0:120:1
0,120,2,زَيْدٌ,زَيْدُنْ,NORMALIZED_OWNER_DECISION_REQUIRED,U_TANWEEN,N12,,,,,aslot/axis1/0:120:2,aslot/axis0/0:120:2
0,120,3,وَإِمَّا,وَإِمْمَاْ,NORMALIZED,,N10|N2|N12,,,,,aslot/axis1/0:120:3,aslot/axis0/0:120:3
0,120,4,عَمْرٌو,عَمْرُنْوْ,NORMALIZED_OWNER_DECISION_REQUIRED,U_TANWEEN|U_UNVOCALIZED_CARRIER,N12,,,,,aslot/axis1/0:120:4,aslot/axis0/0:120:4
0,121,1,مِنَ,مِنَ,NORMALIZED,,,,,,,aslot/axis1/0:121:1,aslot/axis0/0:121:1
0,121,2,الْبَيْتِ,ءَلْبَيْتِ,NORMALIZED,,N7.1|N10|N12,,,,4,aslot/axis1/0:121:2,aslot/axis0/0:121:2
0,122,1,أَيُّهَا,أَيْيُهَاْ,NORMALIZED,,N10|N2|N12,,,,,aslot/axis1/0:122:1,aslot/axis0/0:122:1
0,122,2,النَّاسُ,ءَنْنَاْسُ,NORMALIZED,,N7.1|N10|N9|N2|N12,,,,2,aslot/axis1/0:122:2,aslot/axis0/0:122:2
0,123,1,وَا,وَاْ,NORMALIZED,,N12,,,,,aslot/axis1/0:123:1,aslot/axis0/0:123:1
0,123,2,زَيْدَاهُ,زَيْدَاْهُ,NORMALIZED,,N12,,,,,aslot/axis1/0:123:2,aslot/axis0/0:123:2
0,124,1,آ,ءَاْ,NORMALIZED_OWNER_DECISION_REQUIRED,U_ALEF_MADDA,N10|N12,,,,,aslot/axis1/0:124:1,aslot/axis0/0:124:1
0,124,2,زَيْدُ,زَيْدُ,NORMALIZED,,N12,,,,,aslot/axis1/0:124:2,aslot/axis0/0:124:2
0,125,1,إِذَنْ,إِذَنْ,NORMALIZED,,N10|N12,,,,,aslot/axis1/0:125:1,aslot/axis0/0:125:1
0,125,2,أَنْجَحَ,أَنْجَحَ,NORMALIZED,,N10|N12,,,,,aslot/axis1/0:125:2,aslot/axis0/0:125:2
0,126,1,يُرِيدُ,يُرِيْدُ,NORMALIZED,,N12,,,,,aslot/axis1/0:126:1,aslot/axis0/0:126:1
0,126,2,أَنْ,أَنْ,NORMALIZED,,N10|N12,,,,,aslot/axis1/0:126:2,aslot/axis0/0:126:2
0,126,3,يَنْجَحَ,يَنْجَحَ,NORMALIZED,,N12,,,,,aslot/axis1/0:126:3,aslot/axis0/0:126:3
0,127,1,نَعَمْ,نَعَمْ,NORMALIZED,,N12,,,,,aslot/axis1/0:127:1,aslot/axis0/0:127:1
0,127,2,فَعَلْتُ,فَعَلْتُ,NORMALIZED,,N12,,,,,aslot/axis1/0:127:2,aslot/axis0/0:127:2
0,128,1,هَيَّا,هَيْيَاْ,NORMALIZED,,N2|N12,,,,,aslot/axis1/0:128:1,aslot/axis0/0:128:1
0,128,2,إِلَى,إِلَاْ,NORMALIZED_OWNER_DECISION_REQUIRED,U_ALIF_MAQSURA,N10|N12,,,,,aslot/axis1/0:128:2,aslot/axis0/0:128:2
0,128,3,الصَّلَاةِ,ءَصْصَلَاْةِ,NORMALIZED,,N7.1|N10|N9|N2|N12,,,,2,aslot/axis1/0:128:3,aslot/axis0/0:128:3
0,129,1,هِيهَاتَ,هِيْهَاْتَ,NORMALIZED,,N12,,,,,aslot/axis1/0:129:1,aslot/axis0/0:129:1
0,129,2,لِمَا,لِمَاْ,NORMALIZED,,N12,,,,,aslot/axis1/0:129:2,aslot/axis0/0:129:2
0,129,3,تُوعَدُونَ,تُوْعَدُوْنَ,NORMALIZED,,N12,,,,,aslot/axis1/0:129:3,aslot/axis0/0:129:3
0,130,1,ذَو,ذَوْ,NORMALIZED,,N12,,,,,aslot/axis1/0:130:1,aslot/axis0/0:130:1
0,130,2,عِلْمٍ,عِلْمِنْ,NORMALIZED_OWNER_DECISION_REQUIRED,U_TANWEEN,N12,,,,,aslot/axis1/0:130:2,aslot/axis0/0:130:2
0,131,1,مَاْ,مَاْ,NORMALIZED,,N12,,,,,aslot/axis1/0:131:1,aslot/axis0/0:131:1
0,131,2,فَعَلْتَهُ,فَعَلْتَهُ,NORMALIZED,,N12,,,,,aslot/axis1/0:131:2,aslot/axis0/0:131:2
0,132,1,مَا,مَاْ,NORMALIZED,,N12,,,,,aslot/axis1/0:132:1,aslot/axis0/0:132:1
0,132,2,فَعَلْتَ,فَعَلْتَ,NORMALIZED,,N12,,,,,aslot/axis1/0:132:2,aslot/axis0/0:132:2
0,133,1,مثال,مْثْلْ,NORMALIZED_OWNER_DECISION_REQUIRED,U_N7_2_INTERNAL_AL|U_UNVOCALIZED_CARRIER,N12|N7.2,,,,4|6,aslot/axis1/0:133:1,aslot/axis0/0:133:1
0,134,1,مثال,مْثْلْ,NORMALIZED_OWNER_DECISION_REQUIRED,U_N7_2_INTERNAL_AL|U_UNVOCALIZED_CARRIER,N12|N7.2,,,,4|6,aslot/axis1/0:134:1,aslot/axis0/0:134:1
0,135,1,مثال,مْثْلْ,NORMALIZED_OWNER_DECISION_REQUIRED,U_N7_2_INTERNAL_AL|U_UNVOCALIZED_CARRIER,N12|N7.2,,,,4|6,aslot/axis1/0:135:1,aslot/axis0/0:135:1
0,136,1,مثال,مْثْلْ,NORMALIZED_OWNER_DECISION_REQUIRED,U_N7_2_INTERNAL_AL|U_UNVOCALIZED_CARRIER,N12|N7.2,,,,4|6,aslot/axis1/0:136:1,aslot/axis0/0:136:1
0,137,1,مثال,مْثْلْ,NORMALIZED_OWNER_DECISION_REQUIRED,U_N7_2_INTERNAL_AL|U_UNVOCALIZED_CARRIER,N12|N7.2,,,,4|6,aslot/axis1/0:137:1,aslot/axis0/0:137:1
0,138,1,مثال,مْثْلْ,NORMALIZED_OWNER_DECISION_REQUIRED,U_N7_2_INTERNAL_AL|U_UNVOCALIZED_CARRIER,N12|N7.2,,,,4|6,aslot/axis1/0:138:1,aslot/axis0/0:138:1
0,139,1,مثال,مْثْلْ,NORMALIZED_OWNER_DECISION_REQUIRED,U_N7_2_INTERNAL_AL|U_UNVOCALIZED_CARRIER,N12|N7.2,,,,4|6,aslot/axis1/0:139:1,aslot/axis0/0:139:1
0,140,1,مثال,مْثْلْ,NORMALIZED_OWNER_DECISION_REQUIRED,U_N7_2_INTERNAL_AL|U_UNVOCALIZED_CARRIER,N12|N7.2,,,,4|6,aslot/axis1/0:140:1,aslot/axis0/0:140:1
0,141,1,مثال,مْثْلْ,NORMALIZED_OWNER_DECISION_REQUIRED,U_N7_2_INTERNAL_AL|U_UNVOCALIZED_CARRIER,N12|N7.2,,,,4|6,aslot/axis1/0:141:1,aslot/axis0/0:141:1
0,142,1,مثال,مْثْلْ,NORMALIZED_OWNER_DECISION_REQUIRED,U_N7_2_INTERNAL_AL|U_UNVOCALIZED_CARRIER,N12|N7.2,,,,4|6,aslot/axis1/0:142:1,aslot/axis0/0:142:1
0,143,1,مثال,مْثْلْ,NORMALIZED_OWNER_DECISION_REQUIRED,U_N7_2_INTERNAL_AL|U_UNVOCALIZED_CARRIER,N12|N7.2,,,,4|6,aslot/axis1/0:143:1,aslot/axis0/0:143:1
0,144,1,مثال,مْثْلْ,NORMALIZED_OWNER_DECISION_REQUIRED,U_N7_2_INTERNAL_AL|U_UNVOCALIZED_CARRIER,N12|N7.2,,,,4|6,aslot/axis1/0:144:1,aslot/axis0/0:144:1
0,145,1,مثال,مْثْلْ,NORMALIZED_OWNER_DECISION_REQUIRED,U_N7_2_INTERNAL_AL|U_UNVOCALIZED_CARRIER,N12|N7.2,,,,4|6,aslot/axis1/0:145:1,aslot/axis0/0:145:1
0,146,1,مثال,مْثْلْ,NORMALIZED_OWNER_DECISION_REQUIRED,U_N7_2_INTERNAL_AL|U_UNVOCALIZED_CARRIER,N12|N7.2,,,,4|6,aslot/axis1/0:146:1,aslot/axis0/0:146:1
0,147,1,مثال,مْثْلْ,NORMALIZED_OWNER_DECISION_REQUIRED,U_N7_2_INTERNAL_AL|U_UNVOCALIZED_CARRIER,N12|N7.2,,,,4|6,aslot/axis1/0:147:1,aslot/axis0/0:147:1
0,148,1,مثال,مْثْلْ,NORMALIZED_OWNER_DECISION_REQUIRED,U_N7_2_INTERNAL_AL|U_UNVOCALIZED_CARRIER,N12|N7.2,,,,4|6,aslot/axis1/0:148:1,aslot/axis0/0:148:1
0,149,1,مثال,مْثْلْ,NORMALIZED_OWNER_DECISION_REQUIRED,U_N7_2_INTERNAL_AL|U_UNVOCALIZED_CARRIER,N12|N7.2,,,,4|6,aslot/axis1/0:149:1,aslot/axis0/0:149:1
0,150,1,مثال,مْثْلْ,NORMALIZED_OWNER_DECISION_REQUIRED,U_N7_2_INTERNAL_AL|U_UNVOCALIZED_CARRIER,N12|N7.2,,,,4|6,aslot/axis1/0:150:1,aslot/axis0/0:150:1
0,151,1,مثال,مْثْلْ,NORMALIZED_OWNER_DECISION_REQUIRED,U_N7_2_INTERNAL_AL|U_UNVOCALIZED_CARRIER,N12|N7.2,,,,4|6,aslot/axis1/0:151:1,aslot/axis0/0:151:1
0,152,1,مثال,مْثْلْ,NORMALIZED_OWNER_DECISION_REQUIRED,U_N7_2_INTERNAL_AL|U_UNVOCALIZED_CARRIER,N12|N7.2,,,,4|6,aslot/axis1/0:152:1,aslot/axis0/0:152:1
0,153,1,مثال,مْثْلْ,NORMALIZED_OWNER_DECISION_REQUIRED,U_N7_2_INTERNAL_AL|U_UNVOCALIZED_CARRIER,N12|N7.2,,,,4|6,aslot/axis1/0:153:1,aslot/axis0/0:153:1
0,154,1,مثال,مْثْلْ,NORMALIZED_OWNER_DECISION_REQUIRED,U_N7_2_INTERNAL_AL|U_UNVOCALIZED_CARRIER,N12|N7.2,,,,4|6,aslot/axis1/0:154:1,aslot/axis0/0:154:1
0,155,1,مثال,مْثْلْ,NORMALIZED_OWNER_DECISION_REQUIRED,U_N7_2_INTERNAL_AL|U_UNVOCALIZED_CARRIER,N12|N7.2,,,,4|6,aslot/axis1/0:155:1,aslot/axis0/0:155:1
0,156,1,مثال,مْثْلْ,NORMALIZED_OWNER_DECISION_REQUIRED,U_N7_2_INTERNAL_AL|U_UNVOCALIZED_CARRIER,N12|N7.2,,,,4|6,aslot/axis1/0:156:1,aslot/axis0/0:156:1
0,157,1,مثال,مْثْلْ,NORMALIZED_OWNER_DECISION_REQUIRED,U_N7_2_INTERNAL_AL|U_UNVOCALIZED_CARRIER,N12|N7.2,,,,4|6,aslot/axis1/0:157:1,aslot/axis0/0:157:1
0,158,1,جَاءَ,جَاْءَ,NORMALIZED,,N12,,,,,aslot/axis1/0:158:1,aslot/axis0/0:158:1
0,158,2,زَيْدٌ,زَيْدُنْ,NORMALIZED_OWNER_DECISION_REQUIRED,U_TANWEEN,N12,,,,,aslot/axis1/0:158:2,aslot/axis0/0:158:2
0,158,3,لَكِنْ,لَكِنْ,NORMALIZED,,N12,,,,,aslot/axis1/0:158:3,aslot/axis0/0:158:3
0,158,4,عَمْرٌو,عَمْرُنْوْ,NORMALIZED_OWNER_DECISION_REQUIRED,U_TANWEEN|U_UNVOCALIZED_CARRIER,N12,,,,,aslot/axis1/0:158:4,aslot/axis0/0:158:4
0,158,5,لَمْ,لَمْ,NORMALIZED,,N12,,,,,aslot/axis1/0:158:5,aslot/axis0/0:158:5
0,158,6,يَجِئْ,يَجِئْ,NORMALIZED,,N10|N12,,,,,aslot/axis1/0:158:6,aslot/axis0/0:158:6
0,159,1,جِئْتُ,جِئْتُ,NORMALIZED,,N10|N12,,,,,aslot/axis1/0:159:1,aslot/axis0/0:159:1
0,159,2,لَ,لَ,NORMALIZED,,,,,,,aslot/axis1/0:159:2,aslot/axis0/0:159:2
0,159,3,أَتَعَلَّمَ,أَتَعَلْلَمَ,NORMALIZED,,N10|N2,,,,,aslot/axis1/0:159:3,aslot/axis0/0:159:3
0,160,1,أَيَّانَ,أَيْيَاْنَ,NORMALIZED,,N10|N2|N12,,,,,aslot/axis1/0:160:1,aslot/axis0/0:160:1
0,160,2,تَسْأَلْنِي,تَسْأَلْنِيْ,NORMALIZED,,N12|N10,,,,,aslot/axis1/0:160:2,aslot/axis0/0:160:2
0,160,3,أُجِبْكَ,أُجِبْكَ,NORMALIZED,,N10|N12,,,,,aslot/axis1/0:160:3,aslot/axis0/0:160:3
